-- phpMyAdmin SQL Dump
-- version 4.6.6deb5
-- https://www.phpmyadmin.net/
--
-- Host: localhost:3306
-- Gegenereerd op: 15 jun 2020 om 18:24
-- Serverversie: 10.3.17-MariaDB-0+deb10u1
-- PHP-versie: 7.3.11-1~deb10u1

SET SQL_MODE = "NO_AUTO_VALUE_ON_ZERO";
SET time_zone = "+00:00";


/*!40101 SET @OLD_CHARACTER_SET_CLIENT=@@CHARACTER_SET_CLIENT */;
/*!40101 SET @OLD_CHARACTER_SET_RESULTS=@@CHARACTER_SET_RESULTS */;
/*!40101 SET @OLD_COLLATION_CONNECTION=@@COLLATION_CONNECTION */;
/*!40101 SET NAMES utf8mb4 */;

--
-- Database: `HeartBeatsdb`
--

-- --------------------------------------------------------

--
-- Tabelstructuur voor tabel `Devices`
--

CREATE TABLE `Devices` (
  `Id` varchar(45) NOT NULL,
  `ApparaatNaam` varchar(100) DEFAULT NULL,
  `Beschrijving` varchar(245) DEFAULT NULL,
  `Meeteenheid` varchar(25) DEFAULT NULL
) ENGINE=InnoDB DEFAULT CHARSET=utf8mb4;

--
-- Gegevens worden geëxporteerd voor tabel `Devices`
--

INSERT INTO `Devices` (`Id`, `ApparaatNaam`, `Beschrijving`, `Meeteenheid`) VALUES
('Button', 'PushButton', 'Drukknop', 'True/False'),
('Potentio', '10K PotentioMeter', 'Weerstands-potentiometer van 10K Ohm', 'Ohm'),
('Pulse', 'HeartRate Pulse Sensor', 'Analoge Hartslagsensor', 'BPM'),
('Temp', 'Thermistor', 'Warmtegevoelige weerstand', 'C'),
('Volume', 'Speaker', 'Actuator: speakerunit die de muziek afspeelt', '%');

-- --------------------------------------------------------

--
-- Tabelstructuur voor tabel `meetwaarden`
--

CREATE TABLE `meetwaarden` (
  `Volgnummer` int(11) NOT NULL,
  `DeviceId` varchar(45) DEFAULT NULL,
  `Waarde` float DEFAULT NULL,
  `Datum` datetime NOT NULL
) ENGINE=InnoDB DEFAULT CHARSET=utf8mb4;

--
-- Gegevens worden geëxporteerd voor tabel `meetwaarden`
--

INSERT INTO `meetwaarden` (`Volgnummer`, `DeviceId`, `Waarde`, `Datum`) VALUES
(1, 'Temp', 9, '2020-03-17 00:00:00'),
(2, 'Button', 5, '1919-12-24 00:00:00'),
(3, 'Pulse', 1, '2020-11-07 00:00:00'),
(4, 'Potentio', 9, '1919-07-11 00:00:00'),
(5, 'Pulse', 8, '2121-03-31 00:00:00'),
(6, 'Temp', 2, '2020-06-26 00:00:00'),
(7, 'Potentio', 8, '1919-10-23 00:00:00'),
(8, 'Button', 9, '2020-02-09 00:00:00'),
(9, 'Potentio', 4, '2020-04-17 00:00:00'),
(10, 'Pulse', 2, '2020-06-26 00:00:00'),
(11, 'Temp', 2, '1919-08-23 00:00:00'),
(12, 'Button', 9, '2020-01-22 00:00:00'),
(13, 'Temp', 9, '2020-06-07 00:00:00'),
(14, 'Potentio', 6, '1919-07-17 00:00:00'),
(15, 'Potentio', 3, '2020-08-22 00:00:00'),
(16, 'Button', 5, '1919-10-10 00:00:00'),
(17, 'Pulse', 2, '2121-03-13 00:00:00'),
(18, 'Temp', 3, '1919-11-18 00:00:00'),
(19, 'Potentio', 8, '1919-10-03 00:00:00'),
(20, 'Temp', 10, '1919-10-13 00:00:00'),
(21, 'Pulse', 5, '2121-03-04 00:00:00'),
(22, 'Temp', 6, '2020-11-09 00:00:00'),
(23, 'Button', 7, '1919-08-07 00:00:00'),
(24, 'Potentio', 4, '1919-09-09 00:00:00'),
(25, 'Potentio', 7, '2020-07-27 00:00:00'),
(26, 'Temp', 6, '2020-04-11 00:00:00'),
(27, 'Potentio', 3, '2020-09-02 00:00:00'),
(28, 'Pulse', 6, '2121-05-17 00:00:00'),
(29, 'Temp', 10, '1919-05-30 00:00:00'),
(30, 'Potentio', 1, '2020-05-28 00:00:00'),
(31, 'Button', 2, '2121-05-16 00:00:00'),
(32, 'Temp', 5, '2121-03-24 00:00:00'),
(33, 'Button', 10, '1919-06-09 00:00:00'),
(34, 'Pulse', 9, '2020-10-08 00:00:00'),
(35, 'Temp', 10, '2020-01-31 00:00:00'),
(36, 'Potentio', 5, '2020-06-04 00:00:00'),
(37, 'Temp', 5, '2020-09-14 00:00:00'),
(38, 'Button', 5, '2121-04-11 00:00:00'),
(39, 'Button', 6, '2020-01-15 00:00:00'),
(40, 'Temp', 3, '2020-11-19 00:00:00'),
(41, 'Button', 7, '1919-07-28 00:00:00'),
(42, 'Pulse', 10, '2121-01-15 00:00:00'),
(43, 'Pulse', 5, '2121-04-30 00:00:00'),
(44, 'Button', 4, '2020-07-29 00:00:00'),
(45, 'Potentio', 8, '2020-07-23 00:00:00'),
(46, 'Temp', 7, '2121-02-06 00:00:00'),
(47, 'Pulse', 3, '1919-06-20 00:00:00'),
(48, 'Temp', 5, '2020-12-04 00:00:00'),
(49, 'Button', 9, '1919-07-22 00:00:00'),
(50, 'Temp', 10, '2020-07-03 00:00:00'),
(51, 'Pulse', 5, '2020-02-27 00:00:00'),
(52, 'Potentio', 8, '1919-09-06 00:00:00'),
(53, 'Potentio', 18, '2020-05-28 07:53:26'),
(54, 'Potentio', 18, '2020-05-28 07:53:31'),
(55, 'Potentio', 18, '2020-05-28 07:53:35'),
(56, 'Potentio', 18, '2020-05-28 07:53:39'),
(57, 'Potentio', 18, '2020-05-28 07:53:43'),
(58, 'Potentio', 18, '2020-05-28 07:53:47'),
(59, 'Potentio', 18, '2020-05-28 07:53:52'),
(60, 'Potentio', 18, '2020-05-28 07:53:56'),
(61, 'Potentio', 18, '2020-05-28 07:54:02'),
(62, 'Potentio', 18, '2020-05-28 07:54:08'),
(63, 'Potentio', 18, '2020-05-28 07:54:12'),
(64, 'Potentio', 18, '2020-05-28 07:54:16'),
(65, 'Potentio', 18, '2020-05-28 07:54:21'),
(66, 'Potentio', 18, '2020-05-28 07:54:25'),
(67, 'Potentio', 18, '2020-05-28 07:54:29'),
(68, 'Potentio', 18, '2020-05-28 07:54:33'),
(69, 'Potentio', 18, '2020-05-28 07:54:39'),
(70, 'Potentio', 18, '2020-05-28 07:54:44'),
(71, 'Potentio', 18, '2020-05-28 07:54:49'),
(72, 'Potentio', 18, '2020-05-28 07:54:53'),
(73, 'Potentio', 18, '2020-05-28 07:54:57'),
(74, 'Potentio', 18, '2020-05-28 07:55:01'),
(75, 'Potentio', 18, '2020-05-28 07:55:05'),
(76, 'Potentio', 18, '2020-05-28 07:55:10'),
(77, 'Potentio', 18, '2020-05-28 07:55:15'),
(78, 'Potentio', 18, '2020-05-28 07:55:23'),
(79, 'Potentio', 18, '2020-05-28 07:55:28'),
(80, 'Potentio', 18, '2020-05-28 07:55:32'),
(81, 'Potentio', 18, '2020-05-28 07:55:36'),
(82, 'Potentio', 18, '2020-05-28 07:55:41'),
(83, 'Potentio', 18, '2020-05-28 07:55:45'),
(84, 'Potentio', 18, '2020-05-28 07:55:49'),
(85, 'Potentio', 18, '2020-05-28 07:55:53'),
(86, 'Potentio', 18, '2020-05-28 07:55:58'),
(87, 'Potentio', 18, '2020-05-28 07:56:02'),
(88, 'Potentio', 18, '2020-05-28 07:56:07'),
(89, 'Potentio', 18, '2020-05-28 07:56:13'),
(90, 'Potentio', 18, '2020-05-28 07:56:17'),
(91, 'Potentio', 18, '2020-05-28 07:56:21'),
(92, 'Potentio', 18, '2020-05-28 07:56:26'),
(93, 'Potentio', 18, '2020-05-28 07:56:31'),
(94, 'Potentio', 18, '2020-05-28 07:56:35'),
(95, 'Potentio', 18, '2020-05-28 07:56:39'),
(96, 'Potentio', 18, '2020-05-28 07:56:43'),
(97, 'Potentio', 18, '2020-05-28 07:56:48'),
(98, 'Potentio', 18, '2020-05-28 07:56:52'),
(99, 'Potentio', 18, '2020-05-28 07:56:56'),
(100, 'Potentio', 18, '2020-05-28 07:57:00'),
(1397, 'Potentio', 75, '2020-06-10 08:54:50'),
(1398, 'Potentio', 74, '2020-06-10 08:54:56'),
(1399, 'Pulse', 94, '2020-06-10 08:54:56'),
(1400, 'Pulse', 134, '2020-06-10 08:55:09'),
(1402, 'Potentio', 74, '2020-06-10 08:56:18'),
(1403, 'Temp', 28, '2020-06-10 08:56:19'),
(1404, 'Potentio', 67, '2020-06-10 08:56:24'),
(1405, 'Potentio', 74, '2020-06-10 08:56:29'),
(1406, 'Potentio', 75, '2020-06-10 08:56:33'),
(1407, 'Potentio', 74, '2020-06-10 08:56:38'),
(1408, 'Temp', 29, '2020-06-10 08:56:38'),
(1409, 'Temp', 28, '2020-06-10 08:56:41'),
(1410, 'Potentio', 67, '2020-06-10 08:56:42'),
(1411, 'Potentio', 74, '2020-06-10 08:56:47'),
(1412, 'Pulse', 76, '2020-06-10 08:56:48'),
(1413, 'Potentio', 73, '2020-06-10 08:56:51'),
(1414, 'Potentio', 74, '2020-06-10 08:56:56'),
(1415, 'Temp', 29, '2020-06-10 08:56:56'),
(1416, 'Temp', 28, '2020-06-10 08:57:03'),
(1417, 'Pulse', 89, '2020-06-10 08:57:15'),
(1418, 'Pulse', 45, '2020-06-10 08:57:21'),
(1419, 'Potentio', 74, '2020-06-10 08:59:10'),
(1420, 'Temp', 28, '2020-06-10 08:59:11'),
(1421, 'Pulse', 196, '2020-06-10 08:59:26'),
(1422, 'Potentio', 67, '2020-06-10 08:59:26'),
(1423, 'Potentio', 74, '2020-06-10 08:59:31'),
(1424, 'Pulse', 80, '2020-06-10 08:59:34'),
(1425, 'Pulse', 52, '2020-06-10 08:59:40'),
(1426, 'Pulse', 50, '2020-06-10 08:59:45'),
(1427, 'Potentio', 67, '2020-06-10 08:59:46'),
(1428, 'Potentio', 74, '2020-06-10 08:59:50'),
(1429, 'Potentio', 67, '2020-06-10 09:00:22'),
(1430, 'Temp', 29, '2020-06-10 09:00:27'),
(1431, 'Potentio', 74, '2020-06-10 09:00:28'),
(1432, 'Temp', 28, '2020-06-10 09:00:30'),
(1433, 'Temp', 29, '2020-06-10 09:00:33'),
(1434, 'Potentio', 67, '2020-06-10 09:00:34'),
(1435, 'Temp', 28, '2020-06-10 09:00:37'),
(1436, 'Temp', 29, '2020-06-10 09:00:40'),
(1437, 'Temp', 28, '2020-06-10 09:00:45'),
(1438, 'Temp', 29, '2020-06-10 09:00:48'),
(1440, 'Temp', 28, '2020-06-10 09:00:51'),
(1441, 'Potentio', 67, '2020-06-10 09:02:16'),
(1443, 'Temp', 28, '2020-06-10 09:02:19'),
(1444, 'Potentio', 74, '2020-06-10 09:02:20'),
(1445, 'Potentio', 67, '2020-06-10 09:02:31'),
(1446, 'Temp', 29, '2020-06-10 09:02:32'),
(1447, 'Potentio', 74, '2020-06-10 09:02:37'),
(1448, 'Temp', 28, '2020-06-10 09:02:38'),
(1449, 'Potentio', 74, '2020-06-10 09:02:58'),
(1450, 'Temp', 28, '2020-06-10 09:02:59'),
(1451, 'Temp', 29, '2020-06-10 09:03:03'),
(1452, 'Temp', 28, '2020-06-10 09:03:07'),
(1453, 'Pulse', 87, '2020-06-10 09:03:37'),
(1454, 'Pulse', 81, '2020-06-10 09:03:42'),
(1455, 'Potentio', 66, '2020-06-10 09:03:42'),
(1456, 'Potentio', 73, '2020-06-10 09:03:46'),
(1457, 'Potentio', 74, '2020-06-10 09:03:51'),
(1458, 'Potentio', 66, '2020-06-10 09:14:26'),
(1459, 'Temp', 28, '2020-06-10 09:14:27'),
(1460, 'Potentio', 73, '2020-06-10 09:14:31'),
(1461, 'Temp', 29, '2020-06-10 09:14:33'),
(1462, 'Temp', 28, '2020-06-10 09:14:36'),
(1463, 'Potentio', 66, '2020-06-10 09:14:37'),
(1464, 'Potentio', 73, '2020-06-10 09:14:41'),
(1465, 'Potentio', 74, '2020-06-10 09:14:47'),
(1466, 'Pulse', 76, '2020-06-10 09:14:52'),
(1467, 'Potentio', 67, '2020-06-10 09:14:54'),
(1468, 'Potentio', 73, '2020-06-10 09:14:58'),
(1469, 'Pulse', 74, '2020-06-10 09:14:59'),
(1470, 'Potentio', 74, '2020-06-10 09:15:02'),
(1471, 'Temp', 29, '2020-06-10 09:15:03'),
(1472, 'Potentio', 73, '2020-06-10 09:15:07'),
(1473, 'Potentio', 74, '2020-06-10 09:19:32'),
(1474, 'Temp', 28, '2020-06-10 09:19:33'),
(1475, 'Potentio', 67, '2020-06-10 09:19:52'),
(1476, 'Potentio', 74, '2020-06-10 09:19:57'),
(1477, 'Pulse', 65, '2020-06-10 09:19:57'),
(1478, 'Pulse', 135, '2020-06-10 09:20:07'),
(1479, 'Pulse', 57, '2020-06-10 09:20:35'),
(1480, 'Temp', 29, '2020-06-10 09:20:35'),
(1481, 'Temp', 28, '2020-06-10 09:20:39'),
(1482, 'Potentio', 66, '2020-06-10 09:20:39'),
(1483, 'Potentio', 74, '2020-06-10 09:20:43'),
(1484, 'Temp', 29, '2020-06-10 09:20:45'),
(1485, 'Temp', 28, '2020-06-10 09:20:48'),
(1486, 'Potentio', 70, '2020-06-10 09:24:16'),
(1487, 'Temp', 28, '2020-06-10 09:24:17'),
(1488, 'Pulse', 104, '2020-06-10 09:24:25'),
(1489, 'Potentio', 69, '2020-06-10 09:24:26'),
(1490, 'Potentio', 70, '2020-06-10 09:24:32'),
(1491, 'Pulse', 86, '2020-06-10 09:24:35'),
(1492, 'Temp', 29, '2020-06-10 09:24:35'),
(1493, 'Temp', 28, '2020-06-10 09:24:39'),
(1494, 'Potentio', 71, '2020-06-10 09:24:40'),
(1495, 'Pulse', 36, '2020-06-10 09:24:44'),
(1496, 'Potentio', 64, '2020-06-10 09:24:45'),
(1497, 'Potentio', 70, '2020-06-10 09:24:49'),
(1498, 'Temp', 29, '2020-06-10 09:24:49'),
(1499, 'Pulse', 108, '2020-06-10 09:24:51'),
(1500, 'Temp', 28, '2020-06-10 09:24:52'),
(1501, 'Potentio', 69, '2020-06-10 09:24:53'),
(1502, 'Potentio', 69, '2020-06-10 09:25:16'),
(1503, 'Temp', 28, '2020-06-10 09:25:17'),
(1504, 'Pulse', 67, '2020-06-10 09:25:59'),
(1505, 'Temp', 29, '2020-06-10 09:26:03'),
(1506, 'Temp', 28, '2020-06-10 09:26:07'),
(1507, 'Potentio', 62, '2020-06-10 09:26:07'),
(1508, 'Potentio', 69, '2020-06-10 09:26:11'),
(1509, 'Pulse', 89, '2020-06-10 09:26:16'),
(1510, 'Pulse', 112, '2020-06-10 09:26:29'),
(1511, 'Potentio', 62, '2020-06-10 09:26:30'),
(1512, 'Pulse', 191, '2020-06-10 09:26:33'),
(1513, 'Potentio', 69, '2020-06-10 09:26:34'),
(1514, 'Temp', 29, '2020-06-10 09:26:34'),
(1515, 'Temp', 28, '2020-06-10 09:26:40'),
(1516, 'Temp', 29, '2020-06-10 09:26:44'),
(1517, 'Potentio', 62, '2020-06-10 09:26:47'),
(1518, 'Potentio', 69, '2020-06-10 09:26:53'),
(1519, 'Temp', 29, '2020-06-10 09:26:54'),
(1520, 'Temp', 28, '2020-06-10 09:26:59'),
(1521, 'Potentio', 62, '2020-06-10 09:27:09'),
(1522, 'Potentio', 69, '2020-06-10 09:27:13'),
(1523, 'Potentio', 63, '2020-06-10 09:27:23'),
(1524, 'Pulse', 88, '2020-06-10 09:27:23'),
(1525, 'Potentio', 70, '2020-06-10 09:27:27'),
(1526, 'Potentio', 63, '2020-06-10 09:54:27'),
(1527, 'Temp', 28, '2020-06-10 09:54:28'),
(1528, 'Potentio', 69, '2020-06-10 09:54:31'),
(1529, 'Pulse', 50, '2020-06-10 09:54:32'),
(1530, 'Potentio', 71, '2020-06-10 09:54:44'),
(1531, 'Pulse', 85, '2020-06-10 09:54:46'),
(1532, 'Pulse', 53, '2020-06-10 09:54:50'),
(1533, 'Potentio', 72, '2020-06-10 09:54:51'),
(1534, 'Pulse', 117, '2020-06-10 09:54:55'),
(1535, 'Potentio', 71, '2020-06-10 09:55:06'),
(1536, 'Potentio', 64, '2020-06-10 11:57:13'),
(1537, 'Temp', 28, '2020-06-10 11:57:14'),
(1538, 'Pulse', 172, '2020-06-10 11:57:17'),
(1539, 'Potentio', 63, '2020-06-10 11:57:21'),
(1540, 'Pulse', 44, '2020-06-10 11:57:24'),
(1541, 'Potentio', 64, '2020-06-10 11:57:25'),
(1542, 'Pulse', 83, '2020-06-10 11:57:29'),
(1543, 'Potentio', 63, '2020-06-10 11:57:30'),
(1544, 'Potentio', 64, '2020-06-10 11:57:36'),
(1545, 'Potentio', 63, '2020-06-10 11:57:40'),
(1546, 'Pulse', 41, '2020-06-10 11:57:43'),
(1547, 'Potentio', 64, '2020-06-10 11:57:45'),
(1548, 'Potentio', 63, '2020-06-10 11:57:50'),
(1549, 'Potentio', 64, '2020-06-10 11:57:55'),
(1550, 'Potentio', 63, '2020-06-10 11:57:59'),
(1551, 'Potentio', 64, '2020-06-10 11:58:03'),
(1552, 'Temp', 27, '2020-06-10 11:58:15'),
(1553, 'Potentio', 58, '2020-06-10 11:58:16'),
(1554, 'Pulse', 60, '2020-06-10 11:58:19'),
(1555, 'Potentio', 64, '2020-06-10 11:58:20'),
(1556, 'Pulse', 68, '2020-06-10 11:58:23'),
(1557, 'Potentio', 58, '2020-06-10 11:58:24'),
(1558, 'Potentio', 63, '2020-06-10 11:58:28'),
(1559, 'Potentio', 64, '2020-06-10 11:58:33'),
(1560, 'Temp', 28, '2020-06-10 11:58:33'),
(1561, 'Pulse', 62, '2020-06-10 11:58:35'),
(1562, 'Temp', 27, '2020-06-10 11:58:36'),
(1563, 'Potentio', 58, '2020-06-10 11:58:37'),
(1564, 'Potentio', 63, '2020-06-10 11:58:41'),
(1565, 'Pulse', 72, '2020-06-10 11:58:44'),
(1566, 'Potentio', 64, '2020-06-10 11:58:46'),
(1567, 'Potentio', 58, '2020-06-10 12:03:18'),
(1568, 'Temp', 28, '2020-06-10 12:03:19'),
(1569, 'Potentio', 63, '2020-06-10 12:03:22'),
(1570, 'Temp', 27, '2020-06-10 12:03:23'),
(1571, 'Potentio', 64, '2020-06-10 12:03:32'),
(1572, 'Temp', 28, '2020-06-10 12:03:33'),
(1573, 'Pulse', 105, '2020-06-10 12:03:33'),
(1574, 'Temp', 27, '2020-06-10 12:03:36'),
(1575, 'Potentio', 58, '2020-06-10 12:03:37'),
(1576, 'Potentio', 63, '2020-06-10 12:06:49'),
(1577, 'Temp', 27, '2020-06-10 12:06:50'),
(1578, 'Pulse', 141, '2020-06-10 12:06:55'),
(1579, 'Pulse', 107, '2020-06-10 12:06:59'),
(1580, 'Potentio', 64, '2020-06-10 12:07:00'),
(1581, 'Potentio', 63, '2020-06-10 12:07:04'),
(1582, 'Pulse', 71, '2020-06-10 12:07:05'),
(1583, 'Pulse', 201, '2020-06-10 12:07:08'),
(1584, 'Potentio', 58, '2020-06-10 12:07:09'),
(1585, 'Temp', 28, '2020-06-10 12:07:09'),
(1586, 'Temp', 27, '2020-06-10 12:07:12'),
(1587, 'Potentio', 63, '2020-06-10 12:07:13'),
(1588, 'Pulse', 106, '2020-06-10 12:07:17'),
(1589, 'Potentio', 64, '2020-06-10 12:07:21'),
(1590, 'Temp', 28, '2020-06-10 12:07:24'),
(1591, 'Potentio', 63, '2020-06-10 12:07:26'),
(1592, 'Pulse', 46, '2020-06-10 12:07:31'),
(1593, 'Potentio', 58, '2020-06-10 12:07:34'),
(1594, 'Potentio', 63, '2020-06-10 12:07:38'),
(1595, 'Pulse', 80, '2020-06-10 12:07:41'),
(1596, 'Potentio', 62, '2020-06-10 12:07:44'),
(1597, 'Potentio', 63, '2020-06-10 12:07:49'),
(1598, 'Potentio', 62, '2020-06-10 12:08:17'),
(1599, 'Potentio', 63, '2020-06-10 12:08:21'),
(1600, 'Temp', 26, '2020-06-10 12:08:24'),
(1601, 'Temp', 25, '2020-06-10 12:08:28'),
(1602, 'Temp', 28, '2020-06-10 12:08:35'),
(1603, 'Potentio', 62, '2020-06-10 12:09:16'),
(1604, 'Potentio', 63, '2020-06-10 12:09:20'),
(1605, 'Potentio', 58, '2020-06-10 12:09:37'),
(1606, 'Potentio', 63, '2020-06-10 12:09:42'),
(1607, 'Temp', 27, '2020-06-10 12:09:47'),
(1608, 'Potentio', 58, '2020-06-10 12:09:53'),
(1609, 'Temp', 28, '2020-06-10 12:09:54'),
(1610, 'Temp', 27, '2020-06-10 12:09:57'),
(1611, 'Potentio', 63, '2020-06-10 12:09:57'),
(1612, 'Temp', 28, '2020-06-10 12:10:01'),
(1613, 'Potentio', 58, '2020-06-10 12:10:02'),
(1614, 'Temp', 27, '2020-06-10 12:10:07'),
(1615, 'Potentio', 63, '2020-06-10 12:10:17'),
(1616, 'Temp', 27, '2020-06-10 12:10:18'),
(1617, 'Pulse', 44, '2020-06-10 12:10:23'),
(1618, 'Pulse', 116, '2020-06-10 12:10:29'),
(1619, 'Temp', 28, '2020-06-10 12:10:34'),
(1620, 'Potentio', 62, '2020-06-10 12:13:21'),
(1621, 'Temp', 27, '2020-06-10 12:13:22'),
(1622, 'Potentio', 63, '2020-06-10 12:13:25'),
(1623, 'Potentio', 64, '2020-06-10 12:13:32'),
(1624, 'Pulse', 97, '2020-06-10 12:13:33'),
(1625, 'Potentio', 65, '2020-06-10 12:13:36'),
(1626, 'Temp', 28, '2020-06-10 12:13:39'),
(1627, 'Temp', 27, '2020-06-10 12:13:43'),
(1628, 'Potentio', 59, '2020-06-10 12:13:43'),
(1629, 'Pulse', 43, '2020-06-10 12:13:45'),
(1630, 'Potentio', 65, '2020-06-10 12:13:49'),
(1631, 'Temp', 28, '2020-06-10 12:13:49'),
(1632, 'Temp', 27, '2020-06-10 12:13:52'),
(1633, 'Pulse', 79, '2020-06-10 12:13:53'),
(1634, 'Potentio', 59, '2020-06-10 12:13:53'),
(1635, 'Potentio', 64, '2020-06-10 12:14:45'),
(1636, 'Temp', 27, '2020-06-10 12:14:46'),
(1637, 'Potentio', 63, '2020-06-10 12:14:49'),
(1638, 'Potentio', 58, '2020-06-10 12:14:53'),
(1639, 'Pulse', 84, '2020-06-10 12:14:57'),
(1640, 'Potentio', 64, '2020-06-10 12:15:00'),
(1641, 'Pulse', 70, '2020-06-10 12:15:03'),
(1642, 'Potentio', 63, '2020-06-10 12:15:04'),
(1643, 'Pulse', 128, '2020-06-10 12:15:10'),
(1644, 'Temp', 28, '2020-06-10 12:15:10'),
(1645, 'Pulse', 103, '2020-06-10 12:15:14'),
(1646, 'Potentio', 58, '2020-06-10 12:15:15'),
(1647, 'Temp', 27, '2020-06-10 12:15:16'),
(1648, 'Pulse', 176, '2020-06-10 12:15:19'),
(1649, 'Temp', 28, '2020-06-10 12:15:19'),
(1650, 'Potentio', 63, '2020-06-10 12:15:21'),
(1651, 'Potentio', 63, '2020-06-10 12:15:53'),
(1652, 'Temp', 27, '2020-06-10 12:15:54'),
(1653, 'Pulse', 53, '2020-06-10 12:16:08'),
(1654, 'Potentio', 58, '2020-06-10 12:16:09'),
(1655, 'Potentio', 63, '2020-06-10 12:16:13'),
(1656, 'Potentio', 58, '2020-06-10 12:17:03'),
(1657, 'Temp', 27, '2020-06-10 12:17:04'),
(1658, 'Potentio', 63, '2020-06-10 12:17:07'),
(1659, 'Pulse', 79, '2020-06-10 12:17:12'),
(1660, 'Potentio', 64, '2020-06-10 12:17:13'),
(1661, 'Pulse', 76, '2020-06-10 12:17:17'),
(1662, 'Potentio', 63, '2020-06-10 12:17:19'),
(1663, 'Pulse', 109, '2020-06-10 12:17:20'),
(1664, 'Potentio', 63, '2020-06-10 12:18:29'),
(1665, 'Temp', 28, '2020-06-10 12:18:30'),
(1666, 'Temp', 27, '2020-06-10 12:18:34'),
(1667, 'Temp', 28, '2020-06-10 12:18:37'),
(1668, 'Potentio', 58, '2020-06-10 12:18:37'),
(1669, 'Temp', 27, '2020-06-10 12:18:43'),
(1670, 'Potentio', 59, '2020-06-10 12:18:45'),
(1671, 'Temp', 28, '2020-06-10 12:18:46'),
(1672, 'Potentio', 60, '2020-06-10 12:18:49'),
(1673, 'Pulse', 77, '2020-06-10 12:18:52'),
(1674, 'Potentio', 62, '2020-06-10 12:18:53'),
(1675, 'Temp', 27, '2020-06-10 12:18:56'),
(1676, 'Potentio', 63, '2020-06-10 12:20:28'),
(1677, 'Temp', 27, '2020-06-10 12:20:29'),
(1678, 'Temp', 28, '2020-06-10 12:20:44'),
(1679, 'Potentio', 56, '2020-06-10 12:20:44'),
(1680, 'Temp', 27, '2020-06-10 12:20:48'),
(1681, 'Potentio', 61, '2020-06-10 12:20:49'),
(1682, 'Potentio', 62, '2020-06-10 12:20:53'),
(1683, 'Pulse', 68, '2020-06-10 12:20:56'),
(1684, 'Potentio', 57, '2020-06-10 13:16:37'),
(1685, 'Temp', 28, '2020-06-10 13:16:38'),
(1686, 'Potentio', 58, '2020-06-10 13:16:42'),
(1687, 'Temp', 28, '2020-06-10 13:16:43'),
(1688, 'Temp', 27, '2020-06-10 13:16:47'),
(1689, 'Potentio', 59, '2020-06-10 13:16:49'),
(1690, 'Potentio', 60, '2020-06-10 13:16:53'),
(1691, 'Temp', 28, '2020-06-10 13:16:53'),
(1692, 'Pulse', 73, '2020-06-10 13:16:54'),
(1693, 'Pulse', 178, '2020-06-10 13:16:59'),
(1694, 'Potentio', 61, '2020-06-10 13:17:20'),
(1695, 'Potentio', 60, '2020-06-10 13:17:24'),
(1696, 'Pulse', 64, '2020-06-10 13:17:29'),
(1697, 'Pulse', 73, '2020-06-10 13:17:41'),
(1698, 'Potentio', 55, '2020-06-10 13:18:15'),
(1699, 'Potentio', 60, '2020-06-10 13:18:20'),
(1700, 'Potentio', 55, '2020-06-10 13:18:24'),
(1701, 'Pulse', 63, '2020-06-10 13:18:29'),
(1702, 'Potentio', 60, '2020-06-10 13:18:32'),
(1703, 'Pulse', 111, '2020-06-10 13:18:35'),
(1704, 'Pulse', 44, '2020-06-10 13:18:41'),
(1705, 'Potentio', 61, '2020-06-10 13:19:09'),
(1706, 'Potentio', 60, '2020-06-10 13:19:13'),
(1707, 'Pulse', 30, '2020-06-10 13:19:16'),
(1708, 'Pulse', 29, '2020-06-10 13:20:50'),
(1709, 'Potentio', 59, '2020-06-10 13:22:12'),
(1710, 'Pulse', 62, '2020-06-10 13:22:15'),
(1711, 'Potentio', 60, '2020-06-10 13:22:16'),
(1712, 'Pulse', 80, '2020-06-10 13:22:21'),
(1713, 'Potentio', 59, '2020-06-10 13:22:25'),
(1714, 'Pulse', 97, '2020-06-10 13:22:25'),
(1715, 'Pulse', 95, '2020-06-10 13:22:29'),
(1716, 'Potentio', 55, '2020-06-10 13:22:30'),
(1717, 'Pulse', 117, '2020-06-10 13:22:34'),
(1718, 'Potentio', 60, '2020-06-10 13:22:36'),
(1719, 'Pulse', 115, '2020-06-10 13:22:38'),
(1720, 'Potentio', 59, '2020-06-10 13:22:55'),
(1721, 'Pulse', 81, '2020-06-10 13:22:58'),
(1722, 'Potentio', 60, '2020-06-10 13:23:00'),
(1723, 'Potentio', 59, '2020-06-10 13:23:07'),
(1724, 'Pulse', 52, '2020-06-10 13:23:11'),
(1725, 'Potentio', 55, '2020-06-10 13:23:12'),
(1726, 'Potentio', 60, '2020-06-10 13:23:21'),
(1727, 'Potentio', 59, '2020-06-10 13:23:25'),
(1728, 'Potentio', 60, '2020-06-10 13:23:30'),
(1729, 'Potentio', 59, '2020-06-10 13:23:37'),
(1730, 'Potentio', 60, '2020-06-10 13:23:44'),
(1731, 'Pulse', 34, '2020-06-10 13:23:47'),
(1732, 'Potentio', 59, '2020-06-10 13:23:50'),
(1733, 'Potentio', 60, '2020-06-10 13:23:55'),
(1734, 'Potentio', 59, '2020-06-10 13:24:04'),
(1735, 'Potentio', 60, '2020-06-10 13:24:10'),
(1736, 'Potentio', 59, '2020-06-10 13:24:59'),
(1737, 'Potentio', 60, '2020-06-10 13:25:04'),
(1738, 'Potentio', 59, '2020-06-10 13:25:13'),
(1739, 'Potentio', 60, '2020-06-10 13:25:20'),
(1740, 'Pulse', 28, '2020-06-10 13:25:23'),
(1741, 'Potentio', 59, '2020-06-10 13:25:47'),
(1742, 'Potentio', 60, '2020-06-10 13:25:52'),
(1743, 'Potentio', 59, '2020-06-10 13:26:13'),
(1744, 'Potentio', 60, '2020-06-10 13:26:20'),
(1745, 'Potentio', 59, '2020-06-10 13:30:34'),
(1746, 'Potentio', 60, '2020-06-10 13:30:40'),
(1747, 'Potentio', 59, '2020-06-10 13:30:52'),
(1748, 'Potentio', 60, '2020-06-10 13:30:57'),
(1749, 'Potentio', 59, '2020-06-10 13:31:17'),
(1750, 'Potentio', 60, '2020-06-10 13:31:22'),
(1751, 'Potentio', 59, '2020-06-10 13:31:42'),
(1752, 'Potentio', 60, '2020-06-10 13:31:47'),
(1753, 'Potentio', 59, '2020-06-10 13:32:53'),
(1754, 'Potentio', 60, '2020-06-10 13:32:59'),
(1755, 'Potentio', 63, '2020-06-10 13:33:56'),
(1756, 'Potentio', 60, '2020-06-10 13:34:03'),
(1757, 'Potentio', 59, '2020-06-10 13:35:22'),
(1758, 'Potentio', 60, '2020-06-10 13:35:32'),
(1759, 'Temp', 28, '2020-06-10 13:35:33'),
(1760, 'Potentio', 62, '2020-06-10 14:18:35'),
(1761, 'Temp', 28, '2020-06-10 14:18:36'),
(1762, 'Pulse', 200, '2020-06-10 14:18:39'),
(1763, 'Temp', 27, '2020-06-10 14:18:43'),
(1764, 'Pulse', 42, '2020-06-10 14:19:03'),
(1765, 'Pulse', 85, '2020-06-10 14:19:15'),
(1766, 'Potentio', 61, '2020-06-10 14:19:16'),
(1767, 'Potentio', 62, '2020-06-10 14:19:22'),
(1768, 'Potentio', 61, '2020-06-10 14:19:29'),
(1769, 'Pulse', 103, '2020-06-10 14:19:36'),
(1770, 'Temp', 28, '2020-06-10 14:19:36'),
(1771, 'Pulse', 62, '2020-06-10 14:19:41'),
(1772, 'Potentio', 57, '2020-06-10 14:19:41'),
(1773, 'Temp', 27, '2020-06-10 14:19:43'),
(1774, 'Potentio', 62, '2020-06-10 14:19:45'),
(1775, 'Pulse', 115, '2020-06-10 14:19:50'),
(1776, 'Temp', 28, '2020-06-10 14:19:50'),
(1777, 'Temp', 27, '2020-06-10 14:19:55'),
(1778, 'Potentio', 57, '2020-06-10 14:19:56'),
(1779, 'Potentio', 61, '2020-06-10 14:20:01'),
(1780, 'Temp', 28, '2020-06-10 14:20:01'),
(1781, 'Temp', 27, '2020-06-10 14:20:05'),
(1782, 'Potentio', 62, '2020-06-10 14:20:06'),
(1783, 'Pulse', 44, '2020-06-10 14:20:08'),
(1784, 'Temp', 28, '2020-06-10 14:20:08'),
(1785, 'Potentio', 61, '2020-06-10 14:20:11'),
(1786, 'Temp', 27, '2020-06-10 14:20:13'),
(1787, 'Potentio', 62, '2020-06-10 14:20:17'),
(1788, 'Temp', 28, '2020-06-10 14:20:18'),
(1789, 'Temp', 27, '2020-06-10 14:20:22'),
(1790, 'Potentio', 61, '2020-06-10 14:20:36'),
(1791, 'Potentio', 62, '2020-06-10 14:20:41'),
(1792, 'Potentio', 62, '2020-06-10 14:20:49'),
(1793, 'Temp', 27, '2020-06-10 14:20:50'),
(1794, 'Pulse', 185, '2020-06-10 14:20:53'),
(1795, 'Potentio', 57, '2020-06-10 14:20:53'),
(1796, 'Potentio', 61, '2020-06-10 14:20:58'),
(1797, 'Temp', 28, '2020-06-10 14:20:58'),
(1798, 'Potentio', 62, '2020-06-10 14:21:02'),
(1799, 'Temp', 27, '2020-06-10 14:21:06'),
(1800, 'Pulse', 92, '2020-06-10 14:21:06'),
(1801, 'Potentio', 61, '2020-06-10 14:21:07'),
(1802, 'Temp', 28, '2020-06-10 14:21:09'),
(1803, 'Potentio', 62, '2020-06-10 14:21:13'),
(1804, 'Potentio', 57, '2020-06-10 14:23:51'),
(1805, 'Temp', 29, '2020-06-10 14:23:52'),
(1806, 'Pulse', 176, '2020-06-10 14:23:55'),
(1807, 'Potentio', 62, '2020-06-10 14:23:57'),
(1808, 'Pulse', 43, '2020-06-10 14:24:06'),
(1809, 'Potentio', 63, '2020-06-10 14:24:08'),
(1810, 'Pulse', 109, '2020-06-10 14:24:10'),
(1811, 'Potentio', 62, '2020-06-10 14:24:12'),
(1812, 'Pulse', 115, '2020-06-10 14:24:16'),
(1813, 'Potentio', 57, '2020-06-10 14:24:17'),
(1814, 'Potentio', 61, '2020-06-10 14:24:22'),
(1815, 'Pulse', 57, '2020-06-10 14:24:23'),
(1816, 'Potentio', 60, '2020-06-10 14:24:28'),
(1817, 'Potentio', 59, '2020-06-10 14:24:33'),
(1818, 'Pulse', 91, '2020-06-10 14:24:36'),
(1819, 'Potentio', 56, '2020-06-10 14:24:37'),
(1820, 'Potentio', 57, '2020-06-10 14:24:44'),
(1821, 'Potentio', 57, '2020-06-10 14:25:20'),
(1822, 'Temp', 29, '2020-06-10 14:25:21'),
(1823, 'Pulse', 185, '2020-06-10 14:25:24'),
(1824, 'Potentio', 61, '2020-06-10 14:25:25'),
(1825, 'Temp', 28, '2020-06-10 14:25:42'),
(1826, 'Potentio', 56, '2020-06-10 14:25:43'),
(1827, 'Temp', 29, '2020-06-10 14:25:46'),
(1828, 'Potentio', 61, '2020-06-10 14:25:48'),
(1829, 'Pulse', 71, '2020-06-10 14:25:49'),
(1830, 'Potentio', 62, '2020-06-10 14:25:55'),
(1831, 'Temp', 28, '2020-06-10 14:25:55'),
(1832, 'Potentio', 55, '2020-06-10 14:26:58'),
(1833, 'Temp', 28, '2020-06-10 14:26:59'),
(1834, 'Potentio', 54, '2020-06-10 14:27:02'),
(1835, 'Temp', 29, '2020-06-10 14:27:05'),
(1836, 'Temp', 28, '2020-06-10 14:27:10'),
(1837, 'Potentio', 50, '2020-06-10 14:27:11'),
(1838, 'Potentio', 54, '2020-06-10 14:27:16'),
(1839, 'Temp', 29, '2020-06-10 14:27:16'),
(1840, 'Pulse', 72, '2020-06-10 14:27:18'),
(1841, 'Potentio', 55, '2020-06-10 14:27:20'),
(1842, 'Pulse', 84, '2020-06-10 14:27:22'),
(1843, 'Potentio', 51, '2020-06-10 14:27:24'),
(1844, 'Potentio', 62, '2020-06-10 14:27:29'),
(1845, 'Potentio', 61, '2020-06-10 14:27:41'),
(1846, 'Potentio', 62, '2020-06-10 14:31:22'),
(1847, 'Temp', 29, '2020-06-10 14:31:23'),
(1848, 'Pulse', 123, '2020-06-10 14:31:27'),
(1849, 'Potentio', 57, '2020-06-10 14:31:28'),
(1850, 'Potentio', 62, '2020-06-10 14:31:32'),
(1851, 'Pulse', 191, '2020-06-10 14:31:42'),
(1852, 'Pulse', 78, '2020-06-10 14:31:52'),
(1853, 'Potentio', 57, '2020-06-10 14:31:54'),
(1854, 'Potentio', 55, '2020-06-10 14:32:00'),
(1855, 'Potentio', 59, '2020-06-10 14:32:05'),
(1856, 'Pulse', 51, '2020-06-10 14:32:06'),
(1857, 'Potentio', 58, '2020-06-10 14:32:09'),
(1858, 'Potentio', 59, '2020-06-10 14:32:13'),
(1859, 'Pulse', 64, '2020-06-10 14:32:17'),
(1860, 'Potentio', 55, '2020-06-10 14:32:18'),
(1861, 'Potentio', 59, '2020-06-10 14:32:22'),
(1862, 'Potentio', 60, '2020-06-10 14:33:26'),
(1863, 'Temp', 29, '2020-06-10 14:33:27'),
(1864, 'Pulse', 164, '2020-06-10 14:33:30'),
(1865, 'Potentio', 55, '2020-06-10 14:33:31'),
(1866, 'Potentio', 60, '2020-06-10 14:33:35'),
(1867, 'Potentio', 59, '2020-06-10 14:33:41'),
(1868, 'Pulse', 81, '2020-06-10 14:33:44'),
(1869, 'Potentio', 55, '2020-06-10 14:33:45'),
(1870, 'Potentio', 60, '2020-06-10 14:33:49'),
(1871, 'Pulse', 50, '2020-06-10 14:33:49'),
(1872, 'Potentio', 56, '2020-06-10 14:34:12'),
(1873, 'Potentio', 60, '2020-06-10 14:34:16'),
(1874, 'Potentio', 55, '2020-06-10 14:34:24'),
(1875, 'Potentio', 60, '2020-06-10 14:34:42'),
(1876, 'Temp', 28, '2020-06-10 14:34:46'),
(1877, 'Potentio', 55, '2020-06-10 14:34:49'),
(1878, 'Temp', 29, '2020-06-10 14:34:49'),
(1879, 'Potentio', 56, '2020-06-10 14:35:01'),
(1880, 'Temp', 28, '2020-06-10 14:35:07'),
(1881, 'Potentio', 60, '2020-06-10 14:35:10'),
(1882, 'Potentio', 61, '2020-06-10 14:35:26'),
(1883, 'Temp', 29, '2020-06-10 14:35:29'),
(1884, 'Potentio', 56, '2020-06-10 14:35:31'),
(1885, 'Potentio', 61, '2020-06-10 14:39:29'),
(1886, 'Temp', 29, '2020-06-10 14:39:30'),
(1887, 'Potentio', 57, '2020-06-10 14:39:34'),
(1888, 'Potentio', 61, '2020-06-10 14:39:39'),
(1889, 'Potentio', 62, '2020-06-10 14:40:09'),
(1890, 'Temp', 29, '2020-06-10 14:40:10'),
(1891, 'Potentio', 61, '2020-06-10 14:40:13'),
(1892, 'Pulse', 159, '2020-06-10 14:40:15'),
(1893, 'Potentio', 62, '2020-06-10 14:40:35'),
(1894, 'Pulse', 72, '2020-06-10 14:40:38'),
(1895, 'Potentio', 61, '2020-06-10 14:40:39'),
(1896, 'Potentio', 60, '2020-06-10 14:40:50'),
(1897, 'Potentio', 61, '2020-06-10 14:40:56'),
(1898, 'Temp', 28, '2020-06-10 14:41:00'),
(1899, 'Potentio', 56, '2020-06-10 14:41:00'),
(1900, 'Potentio', 60, '2020-06-10 14:41:05'),
(1901, 'Potentio', 60, '2020-06-10 15:10:31'),
(1902, 'Temp', 28, '2020-06-10 15:10:32'),
(1903, 'Potentio', 61, '2020-06-10 15:10:37'),
(1904, 'Potentio', 60, '2020-06-10 15:10:42'),
(1905, 'Potentio', 61, '2020-06-10 15:10:46'),
(1906, 'Potentio', 60, '2020-06-10 15:11:00'),
(1907, 'Potentio', 61, '2020-06-10 15:11:04'),
(1908, 'Pulse', 34, '2020-06-10 15:11:07'),
(1909, 'Potentio', 60, '2020-06-10 15:11:23'),
(1910, 'Potentio', 61, '2020-06-10 15:11:27'),
(1911, 'Pulse', 44, '2020-06-10 15:11:35'),
(1912, 'Potentio', 56, '2020-06-10 15:11:35'),
(1913, 'Pulse', 62, '2020-06-10 15:11:40'),
(1914, 'Potentio', 61, '2020-06-10 15:11:42'),
(1915, 'Potentio', 60, '2020-06-10 15:18:32'),
(1916, 'Temp', 28, '2020-06-10 15:18:33'),
(1917, 'Potentio', 56, '2020-06-10 15:18:37'),
(1918, 'Potentio', 60, '2020-06-10 15:18:42'),
(1919, 'Potentio', 59, '2020-06-10 15:18:50'),
(1920, 'Potentio', 60, '2020-06-10 15:18:55'),
(1921, 'Pulse', 221, '2020-06-10 15:18:56'),
(1922, 'Potentio', 60, '2020-06-10 15:19:09'),
(1923, 'Temp', 28, '2020-06-10 15:19:10'),
(1924, 'Pulse', 118, '2020-06-10 15:19:13'),
(1925, 'Potentio', 56, '2020-06-10 15:19:13'),
(1926, 'Potentio', 60, '2020-06-10 15:19:19'),
(1927, 'Potentio', 61, '2020-06-10 15:19:53'),
(1928, 'Temp', 28, '2020-06-10 15:19:54'),
(1929, 'Pulse', 83, '2020-06-10 15:20:08'),
(1930, 'Potentio', 56, '2020-06-10 15:20:11'),
(1931, 'Pulse', 33, '2020-06-10 15:20:13'),
(1932, 'Temp', 29, '2020-06-10 15:20:13'),
(1933, 'Potentio', 60, '2020-06-10 15:20:16'),
(1934, 'Temp', 28, '2020-06-10 15:20:18'),
(1935, 'Pulse', 25, '2020-06-10 15:20:22'),
(1936, 'Potentio', 56, '2020-06-10 15:20:24'),
(1937, 'Temp', 29, '2020-06-10 15:20:25'),
(1938, 'Temp', 28, '2020-06-10 15:20:29'),
(1939, 'Temp', 29, '2020-06-10 15:20:32'),
(1940, 'Potentio', 60, '2020-06-10 15:20:33'),
(1941, 'Temp', 28, '2020-06-10 15:20:35'),
(1942, 'Potentio', 56, '2020-06-10 15:20:39'),
(1943, 'Temp', 29, '2020-06-10 15:20:40'),
(1944, 'Potentio', 60, '2020-06-10 15:20:51'),
(1945, 'Temp', 28, '2020-06-10 15:20:53'),
(1946, 'Pulse', 48, '2020-06-10 15:21:04'),
(1947, 'Temp', 29, '2020-06-10 15:21:05'),
(1948, 'Potentio', 58, '2020-06-10 15:21:06'),
(1949, 'Temp', 28, '2020-06-10 15:21:10'),
(1950, 'Potentio', 72, '2020-06-10 15:21:11'),
(1951, 'Pulse', 94, '2020-06-10 15:21:12'),
(1952, 'Potentio', 73, '2020-06-10 15:21:16'),
(1953, 'Temp', 29, '2020-06-10 15:21:16'),
(1954, 'Temp', 28, '2020-06-10 15:21:20'),
(1955, 'Potentio', 65, '2020-06-10 15:21:20'),
(1956, 'Pulse', 40, '2020-06-10 15:21:21'),
(1957, 'Potentio', 70, '2020-06-10 15:21:25'),
(1958, 'Potentio', 69, '2020-06-10 15:21:55'),
(1959, 'Temp', 28, '2020-06-10 15:21:56'),
(1960, 'Pulse', 75, '2020-06-10 15:22:04'),
(1961, 'Potentio', 68, '2020-06-10 15:22:05'),
(1962, 'Potentio', 66, '2020-06-10 15:22:47'),
(1963, 'Temp', 29, '2020-06-10 15:22:48'),
(1964, 'Potentio', 60, '2020-06-10 15:22:51'),
(1965, 'Temp', 28, '2020-06-10 15:22:54'),
(1966, 'Potentio', 66, '2020-06-10 15:22:55'),
(1967, 'Potentio', 65, '2020-06-10 15:23:03'),
(1968, 'Potentio', 60, '2020-06-10 15:23:07'),
(1969, 'Potentio', 65, '2020-06-10 15:23:12'),
(1970, 'Temp', 29, '2020-06-10 15:23:12'),
(1971, 'Pulse', 66, '2020-06-10 15:23:14'),
(1972, 'Temp', 28, '2020-06-10 15:23:19'),
(1973, 'Potentio', 59, '2020-06-10 15:23:20'),
(1974, 'Potentio', 57, '2020-06-10 15:27:18'),
(1975, 'Temp', 29, '2020-06-10 15:27:19'),
(1976, 'Pulse', 93, '2020-06-10 15:27:25'),
(1977, 'Potentio', 58, '2020-06-10 15:27:26'),
(1978, 'Potentio', 63, '2020-06-10 15:27:30'),
(1979, 'Temp', 28, '2020-06-10 15:27:32'),
(1980, 'Pulse', 42, '2020-06-10 15:27:32'),
(1981, 'Pulse', 34, '2020-06-10 15:27:37'),
(1982, 'Temp', 29, '2020-06-10 15:27:38'),
(1983, 'Potentio', 57, '2020-06-10 15:27:38'),
(1984, 'Temp', 28, '2020-06-10 15:27:41'),
(1985, 'Potentio', 63, '2020-06-10 15:27:42'),
(1986, 'Potentio', 62, '2020-06-10 15:28:15'),
(1987, 'Temp', 29, '2020-06-10 15:28:17'),
(1988, 'Potentio', 63, '2020-06-10 15:28:35'),
(1989, 'Potentio', 62, '2020-06-10 15:28:41'),
(1990, 'Potentio', 63, '2020-06-10 15:28:46'),
(1991, 'Temp', 28, '2020-06-10 15:28:48'),
(1992, 'Temp', 29, '2020-06-10 15:28:51'),
(1993, 'Potentio', 57, '2020-06-10 15:28:52'),
(1994, 'Potentio', 62, '2020-06-10 15:28:56'),
(1995, 'Potentio', 63, '2020-06-10 15:29:01'),
(1996, 'Potentio', 62, '2020-06-10 15:29:05'),
(1997, 'Potentio', 57, '2020-06-10 15:29:13'),
(1998, 'Potentio', 56, '2020-06-10 15:29:18'),
(1999, 'Potentio', 62, '2020-06-10 15:29:24'),
(2000, 'Potentio', 62, '2020-06-10 15:29:32'),
(2001, 'Temp', 29, '2020-06-10 15:29:33'),
(2002, 'Pulse', 48, '2020-06-10 15:29:40'),
(2003, 'Potentio', 61, '2020-06-10 15:29:46'),
(2004, 'Potentio', 62, '2020-06-10 15:29:55'),
(2005, 'Pulse', 74, '2020-06-10 15:29:59'),
(2006, 'Potentio', 63, '2020-06-10 15:30:01'),
(2007, 'Pulse', 62, '2020-06-10 15:30:04'),
(2009, 'Potentio', 61, '2020-06-10 15:30:57'),
(2010, 'Temp', 29, '2020-06-10 15:30:58'),
(2011, 'Potentio', 56, '2020-06-10 15:31:02'),
(2012, 'Pulse', 51, '2020-06-10 15:31:03'),
(2013, 'Potentio', 61, '2020-06-10 15:31:11'),
(2014, 'Pulse', 80, '2020-06-10 15:31:12'),
(2015, 'Pulse', 64, '2020-06-10 15:31:17'),
(2016, 'Potentio', 62, '2020-06-10 15:33:41'),
(2017, 'Temp', 29, '2020-06-10 15:33:42'),
(2018, 'Temp', 28, '2020-06-10 15:33:47'),
(2019, 'Pulse', 83, '2020-06-10 15:33:56'),
(2020, 'Temp', 29, '2020-06-10 15:33:57'),
(2021, 'Potentio', 56, '2020-06-10 15:33:57'),
(2022, 'Potentio', 62, '2020-06-10 15:34:07'),
(2023, 'Temp', 28, '2020-06-10 15:34:12'),
(2024, 'Temp', 29, '2020-06-10 15:34:15'),
(2025, 'Potentio', 56, '2020-06-10 15:34:16'),
(2026, 'Temp', 28, '2020-06-10 15:34:25'),
(2027, 'Potentio', 61, '2020-06-10 15:34:28'),
(2028, 'Temp', 29, '2020-06-10 15:34:28'),
(2029, 'Potentio', 55, '2020-06-10 15:36:30'),
(2030, 'Temp', 29, '2020-06-10 15:36:31'),
(2031, 'Potentio', 60, '2020-06-10 15:36:35'),
(2032, 'Pulse', 95, '2020-06-10 15:36:38'),
(2033, 'Potentio', 54, '2020-06-10 15:37:34'),
(2034, 'Temp', 29, '2020-06-10 15:37:35'),
(2035, 'Potentio', 59, '2020-06-10 15:37:40'),
(2036, 'Potentio', 60, '2020-06-10 15:37:46'),
(2037, 'Pulse', 82, '2020-06-10 15:37:50'),
(2038, 'Potentio', 59, '2020-06-10 15:37:52'),
(2039, 'Temp', 28, '2020-06-10 15:37:57'),
(2040, 'Potentio', 60, '2020-06-10 15:38:01'),
(2041, 'Temp', 29, '2020-06-10 15:38:02'),
(2042, 'Potentio', 55, '2020-06-10 15:39:07'),
(2043, 'Temp', 29, '2020-06-10 15:39:08'),
(2044, 'Potentio', 60, '2020-06-10 15:39:11'),
(2045, 'Pulse', 80, '2020-06-10 15:39:21'),
(2046, 'Potentio', 55, '2020-06-10 15:39:21'),
(2047, 'Potentio', 60, '2020-06-10 15:39:25'),
(2048, 'Potentio', 60, '2020-06-10 15:40:19'),
(2049, 'Temp', 29, '2020-06-10 15:40:20'),
(2051, 'Potentio', 55, '2020-06-10 15:40:44'),
(2052, 'Temp', 29, '2020-06-10 15:40:45'),
(2053, 'Potentio', 60, '2020-06-10 15:40:49'),
(2054, 'Pulse', 73, '2020-06-10 15:41:04'),
(2055, 'Potentio', 61, '2020-06-10 15:41:09'),
(2056, 'Potentio', 55, '2020-06-10 15:43:29'),
(2057, 'Temp', 29, '2020-06-10 15:43:30'),
(2058, 'Potentio', 60, '2020-06-10 15:43:33'),
(2059, 'Potentio', 62, '2020-06-10 15:43:39'),
(2060, 'Pulse', 64, '2020-06-10 15:43:42'),
(2061, 'Potentio', 61, '2020-06-10 15:43:44'),
(2062, 'Pulse', 41, '2020-06-10 15:43:48'),
(2063, 'Potentio', 61, '2020-06-10 15:45:50'),
(2064, 'Temp', 29, '2020-06-10 15:45:51'),
(2065, 'Pulse', 131, '2020-06-10 15:45:54'),
(2066, 'Potentio', 60, '2020-06-10 15:46:27'),
(2067, 'Potentio', 61, '2020-06-10 15:46:35'),
(2068, 'Potentio', 60, '2020-06-10 15:46:39'),
(2069, 'Pulse', 72, '2020-06-10 15:46:43'),
(2070, 'Potentio', 55, '2020-06-10 15:46:44'),
(2071, 'Potentio', 60, '2020-06-10 15:46:48'),
(2072, 'Potentio', 55, '2020-06-10 15:50:00'),
(2073, 'Temp', 29, '2020-06-10 15:50:01'),
(2074, 'Potentio', 60, '2020-06-10 15:50:07'),
(2075, 'Potentio', 55, '2020-06-10 15:50:12'),
(2076, 'Pulse', 70, '2020-06-10 15:50:12'),
(2077, 'Potentio', 60, '2020-06-10 15:50:16'),
(2078, 'Pulse', 95, '2020-06-10 15:50:16'),
(2079, 'Potentio', 60, '2020-06-10 15:50:47'),
(2080, 'Temp', 29, '2020-06-10 15:50:48'),
(2081, 'Potentio', 55, '2020-06-10 15:50:52'),
(2082, 'Potentio', 60, '2020-06-10 15:50:57'),
(2083, 'Pulse', 30, '2020-06-10 15:50:57'),
(2084, 'Pulse', 70, '2020-06-10 15:51:13'),
(2085, 'Potentio', 55, '2020-06-10 15:51:39'),
(2086, 'Potentio', 60, '2020-06-10 15:51:45'),
(2087, 'Potentio', 55, '2020-06-10 15:51:49'),
(2088, 'Potentio', 60, '2020-06-10 15:52:00'),
(2089, 'Potentio', 65, '2020-06-10 15:53:22'),
(2090, 'Temp', 29, '2020-06-10 15:53:23'),
(2091, 'Potentio', 64, '2020-06-10 15:53:28'),
(2092, 'Pulse', 81, '2020-06-10 15:53:32'),
(2093, 'Potentio', 56, '2020-06-10 15:53:33'),
(2094, 'Potentio', 64, '2020-06-10 15:53:37'),
(2095, 'Potentio', 58, '2020-06-10 15:54:39'),
(2096, 'Temp', 29, '2020-06-10 15:54:40'),
(2097, 'Potentio', 65, '2020-06-10 15:54:43'),
(2098, 'Potentio', 63, '2020-06-10 15:54:47'),
(2099, 'Potentio', 66, '2020-06-10 15:54:51'),
(2100, 'Pulse', 72, '2020-06-10 15:54:55'),
(2101, 'Potentio', 57, '2020-06-10 15:54:56'),
(2102, 'Pulse', 77, '2020-06-10 15:54:59'),
(2103, 'Potentio', 63, '2020-06-10 15:55:02'),
(2104, 'Potentio', 67, '2020-06-10 15:55:06'),
(2105, 'Potentio', 69, '2020-06-10 15:55:10'),
(2106, 'Potentio', 67, '2020-06-10 15:55:37'),
(2107, 'Temp', 29, '2020-06-10 15:55:38'),
(2108, 'Potentio', 57, '2020-06-10 15:55:42'),
(2109, 'Potentio', 68, '2020-06-10 15:55:46'),
(2110, 'Pulse', 83, '2020-06-10 15:55:46'),
(2111, 'Potentio', 69, '2020-06-10 15:55:50'),
(2112, 'Potentio', 67, '2020-06-10 15:55:56'),
(2113, 'Potentio', 70, '2020-06-10 15:56:11'),
(2114, 'Temp', 29, '2020-06-10 15:56:12'),
(2115, 'Potentio', 71, '2020-06-10 15:56:16'),
(2116, 'Pulse', 86, '2020-06-10 15:56:19'),
(2117, 'Potentio', 70, '2020-06-10 15:56:22'),
(2118, 'Potentio', 64, '2020-06-10 15:56:27'),
(2119, 'Potentio', 68, '2020-06-10 15:56:31'),
(2120, 'Potentio', 66, '2020-06-10 15:56:35'),
(2121, 'Pulse', 58, '2020-06-10 15:56:38'),
(2122, 'Potentio', 67, '2020-06-10 15:56:42'),
(2123, 'Potentio', 59, '2020-06-10 16:29:14'),
(2124, 'Temp', 29, '2020-06-10 16:29:15'),
(2125, 'Pulse', 192, '2020-06-10 16:29:18'),
(2126, 'Potentio', 67, '2020-06-10 16:29:19'),
(2127, 'Pulse', 107, '2020-06-10 16:29:24'),
(2128, 'Pulse', 71, '2020-06-10 16:29:28'),
(2129, 'Potentio', 69, '2020-06-10 16:29:30'),
(2130, 'Potentio', 70, '2020-06-10 16:29:37'),
(2131, 'Potentio', 71, '2020-06-10 16:29:44'),
(2132, 'Potentio', 60, '2020-06-10 16:29:48'),
(2133, 'Potentio', 59, '2020-06-10 16:29:53'),
(2134, 'Potentio', 60, '2020-06-10 16:30:00'),
(2135, 'Potentio', 68, '2020-06-10 16:30:08'),
(2136, 'Temp', 29, '2020-06-10 16:30:09'),
(2137, 'Potentio', 59, '2020-06-10 16:30:12'),
(2138, 'Potentio', 70, '2020-06-10 16:30:18'),
(2139, 'Potentio', 67, '2020-06-10 16:30:22'),
(2140, 'Potentio', 65, '2020-06-10 16:30:27'),
(2141, 'Potentio', 68, '2020-06-10 16:30:31'),
(2142, 'Potentio', 67, '2020-06-10 16:30:35'),
(2143, 'Pulse', 113, '2020-06-10 16:30:38'),
(2144, 'Potentio', 66, '2020-06-10 16:30:39'),
(2145, 'Potentio', 70, '2020-06-10 16:30:45'),
(2146, 'Potentio', 54, '2020-06-10 16:32:33'),
(2147, 'Temp', 29, '2020-06-10 16:32:34'),
(2148, 'Potentio', 64, '2020-06-10 16:32:37'),
(2149, 'Pulse', 98, '2020-06-10 16:32:39'),
(2150, 'Potentio', 63, '2020-06-10 16:32:43'),
(2151, 'Potentio', 66, '2020-06-10 16:33:52'),
(2152, 'Temp', 29, '2020-06-10 16:33:53'),
(2153, 'Pulse', 118, '2020-06-10 16:33:56'),
(2154, 'Potentio', 65, '2020-06-10 16:33:56'),
(2155, 'Potentio', 54, '2020-06-10 16:34:02'),
(2156, 'Pulse', 65, '2020-06-10 16:34:06'),
(2157, 'Potentio', 64, '2020-06-10 16:34:06'),
(2158, 'Potentio', 66, '2020-06-10 16:34:10'),
(2159, 'Potentio', 55, '2020-06-10 16:34:54'),
(2160, 'Temp', 29, '2020-06-10 16:34:55'),
(2161, 'Pulse', 177, '2020-06-10 16:34:58'),
(2162, 'Potentio', 54, '2020-06-10 16:34:59'),
(2163, 'Potentio', 64, '2020-06-10 16:35:04'),
(2164, 'Pulse', 102, '2020-06-10 16:35:08'),
(2165, 'Potentio', 56, '2020-06-10 16:35:09'),
(2166, 'Potentio', 65, '2020-06-10 16:35:14'),
(2167, 'Pulse', 44, '2020-06-10 16:35:15'),
(2168, 'Potentio', 64, '2020-06-10 16:35:19'),
(2169, 'Pulse', 36, '2020-06-10 16:35:24'),
(2170, 'Potentio', 66, '2020-06-10 16:35:25'),
(2171, 'Potentio', 56, '2020-06-10 16:35:31'),
(2172, 'Pulse', 35, '2020-06-10 16:35:33'),
(2173, 'Potentio', 65, '2020-06-10 16:35:35'),
(2174, 'Pulse', 46, '2020-06-10 16:35:43'),
(2175, 'Potentio', 55, '2020-06-10 16:35:44'),
(2176, 'Potentio', 60, '2020-06-10 16:35:49'),
(2177, 'Potentio', 64, '2020-06-10 16:35:54'),
(2178, 'Potentio', 66, '2020-06-10 16:35:59'),
(2179, 'Potentio', 62, '2020-06-10 16:36:05'),
(2180, 'Pulse', 80, '2020-06-10 16:36:09'),
(2181, 'Potentio', 63, '2020-06-10 16:36:10'),
(2182, 'Potentio', 65, '2020-06-10 16:36:16'),
(2183, 'Potentio', 64, '2020-06-10 16:39:42'),
(2184, 'Temp', 29, '2020-06-10 16:39:43'),
(2185, 'Pulse', 170, '2020-06-10 16:39:46'),
(2186, 'Potentio', 63, '2020-06-10 16:39:46'),
(2187, 'Potentio', 53, '2020-06-10 16:39:51'),
(2188, 'Potentio', 63, '2020-06-10 16:39:56'),
(2189, 'Potentio', 59, '2020-06-10 16:40:00'),
(2190, 'Potentio', 63, '2020-06-10 16:40:04'),
(2191, 'Pulse', 79, '2020-06-10 16:40:06'),
(2192, 'Potentio', 62, '2020-06-10 16:40:08'),
(2193, 'Pulse', 71, '2020-06-10 16:40:12'),
(2194, 'Potentio', 61, '2020-06-10 16:40:15'),
(2195, 'Potentio', 65, '2020-06-10 16:40:20'),
(2196, 'Pulse', 65, '2020-06-10 16:40:20'),
(2197, 'Potentio', 60, '2020-06-10 16:40:24'),
(2198, 'Potentio', 58, '2020-06-10 16:40:28'),
(2199, 'Potentio', 60, '2020-06-10 16:40:33'),
(2200, 'Pulse', 40, '2020-06-10 16:40:37'),
(2201, 'Potentio', 54, '2020-06-10 16:40:37'),
(2202, 'Pulse', 175, '2020-06-10 16:40:40'),
(2203, 'Potentio', 65, '2020-06-10 16:40:42'),
(2204, 'Potentio', 64, '2020-06-10 16:40:47'),
(2205, 'Potentio', 65, '2020-06-10 16:40:51'),
(2206, 'Potentio', 60, '2020-06-10 16:40:56'),
(2207, 'Potentio', 62, '2020-06-10 16:41:00'),
(2208, 'Potentio', 64, '2020-06-10 16:41:04'),
(2209, 'Pulse', 106, '2020-06-10 16:41:05'),
(2210, 'Potentio', 66, '2020-06-10 16:41:09'),
(2211, 'Pulse', 90, '2020-06-10 16:41:12'),
(2212, 'Potentio', 54, '2020-06-10 16:41:13'),
(2213, 'Potentio', 60, '2020-06-10 16:41:18'),
(2214, 'Potentio', 66, '2020-06-10 16:41:58'),
(2215, 'Temp', 29, '2020-06-10 16:41:59'),
(2216, 'Pulse', 159, '2020-06-10 16:42:02'),
(2217, 'Potentio', 56, '2020-06-10 16:42:03'),
(2218, 'Pulse', 66, '2020-06-10 16:42:07'),
(2219, 'Potentio', 60, '2020-06-10 16:42:10'),
(2220, 'Pulse', 36, '2020-06-10 16:42:13'),
(2221, 'Potentio', 65, '2020-06-10 16:42:14'),
(2222, 'Potentio', 64, '2020-06-10 16:44:29'),
(2223, 'Temp', 29, '2020-06-10 16:44:30'),
(2224, 'Potentio', 56, '2020-06-10 16:44:34'),
(2225, 'Pulse', 62, '2020-06-10 16:44:40'),
(2226, 'Potentio', 55, '2020-06-10 16:48:09'),
(2227, 'Temp', 29, '2020-06-10 16:48:10'),
(2228, 'Potentio', 71, '2020-06-10 16:48:13'),
(2229, 'Potentio', 62, '2020-06-10 16:48:19'),
(2230, 'Potentio', 70, '2020-06-10 16:48:23'),
(2231, 'Potentio', 71, '2020-06-10 16:48:28'),
(2232, 'Pulse', 72, '2020-06-10 16:48:33'),
(2233, 'Potentio', 72, '2020-06-10 16:48:34'),
(2234, 'Potentio', 70, '2020-06-10 16:48:43'),
(2235, 'Potentio', 71, '2020-06-10 16:48:47'),
(2236, 'Potentio', 69, '2020-06-10 16:48:52'),
(2237, 'Potentio', 71, '2020-06-10 16:48:57'),
(2238, 'Potentio', 70, '2020-06-10 16:49:01'),
(2239, 'Potentio', 59, '2020-06-10 16:49:57'),
(2240, 'Temp', 29, '2020-06-10 16:49:58'),
(2241, 'Potentio', 63, '2020-06-10 16:50:01'),
(2242, 'Potentio', 72, '2020-06-10 16:50:08'),
(2243, 'Pulse', 79, '2020-06-10 16:50:09'),
(2244, 'Potentio', 63, '2020-06-10 16:50:14'),
(2245, 'Pulse', 42, '2020-06-10 16:50:19'),
(2246, 'Potentio', 56, '2020-06-10 16:50:20'),
(2247, 'Potentio', 61, '2020-06-10 16:50:44'),
(2248, 'Temp', 29, '2020-06-10 16:50:45'),
(2249, 'Potentio', 60, '2020-06-10 16:50:49'),
(2250, 'Potentio', 67, '2020-06-10 16:50:54'),
(2251, 'Pulse', 78, '2020-06-10 16:50:55'),
(2252, 'Potentio', 66, '2020-06-10 16:50:58'),
(2253, 'Potentio', 68, '2020-06-10 16:51:03'),
(2254, 'Potentio', 60, '2020-06-10 16:51:07'),
(2255, 'Potentio', 72, '2020-06-10 16:51:12'),
(2256, 'Potentio', 70, '2020-06-10 16:51:16'),
(2257, 'Potentio', 69, '2020-06-10 16:51:22'),
(2258, 'Potentio', 66, '2020-06-10 16:53:11'),
(2259, 'Temp', 29, '2020-06-10 16:53:12'),
(2260, 'Potentio', 56, '2020-06-10 16:53:15'),
(2261, 'Potentio', 68, '2020-06-10 16:53:21'),
(2262, 'Pulse', 95, '2020-06-10 16:53:21'),
(2263, 'Potentio', 66, '2020-06-10 16:53:25'),
(2264, 'Potentio', 63, '2020-06-10 17:06:00'),
(2265, 'Temp', 29, '2020-06-10 17:06:01'),
(2266, 'Potentio', 65, '2020-06-10 17:06:04'),
(2267, 'Pulse', 62, '2020-06-10 17:06:10'),
(2268, 'Potentio', 55, '2020-06-10 17:06:11'),
(2269, 'Potentio', 62, '2020-06-10 17:06:15'),
(2270, 'Pulse', 126, '2020-06-10 17:06:16'),
(2271, 'Potentio', 64, '2020-06-10 17:06:19'),
(2272, 'Potentio', 67, '2020-06-10 17:06:24'),
(2273, 'Potentio', 63, '2020-06-10 17:06:31'),
(2274, 'Potentio', 70, '2020-06-10 17:06:35'),
(2275, 'Potentio', 68, '2020-06-10 17:06:39'),
(2276, 'Potentio', 63, '2020-06-10 17:06:43'),
(2277, 'Potentio', 62, '2020-06-10 17:08:13'),
(2278, 'Temp', 29, '2020-06-10 17:08:14'),
(2279, 'Potentio', 70, '2020-06-10 17:08:17'),
(2280, 'Pulse', 58, '2020-06-10 17:08:18'),
(2281, 'Potentio', 68, '2020-06-10 17:08:23'),
(2282, 'Potentio', 64, '2020-06-10 17:08:29'),
(2283, 'Pulse', 52, '2020-06-10 17:08:34'),
(2284, 'Potentio', 63, '2020-06-10 17:08:35'),
(2285, 'Pulse', 105, '2020-06-10 17:08:40'),
(2286, 'Potentio', 57, '2020-06-10 17:08:41'),
(2287, 'Potentio', 69, '2020-06-10 17:08:47'),
(2288, 'Pulse', 31, '2020-06-10 17:08:49'),
(2289, 'Potentio', 70, '2020-06-10 17:09:21'),
(2290, 'Temp', 29, '2020-06-10 17:09:22'),
(2291, 'Pulse', 201, '2020-06-10 17:09:24'),
(2292, 'Potentio', 69, '2020-06-10 17:09:25'),
(2293, 'Potentio', 68, '2020-06-10 17:09:31'),
(2294, 'Potentio', 69, '2020-06-10 17:09:35'),
(2295, 'Pulse', 87, '2020-06-10 17:09:36'),
(2296, 'Potentio', 72, '2020-06-10 17:09:40'),
(2297, 'Potentio', 71, '2020-06-10 17:09:46'),
(2298, 'Potentio', 66, '2020-06-10 17:09:50'),
(2299, 'Pulse', 54, '2020-06-10 17:09:54'),
(2300, 'Potentio', 60, '2020-06-10 17:09:55'),
(2301, 'Potentio', 74, '2020-06-10 17:10:00'),
(2302, 'Potentio', 69, '2020-06-10 17:10:04'),
(2303, 'Pulse', 71, '2020-06-10 17:10:04'),
(2304, 'Potentio', 66, '2020-06-10 17:10:09'),
(2305, 'Pulse', 95, '2020-06-10 17:10:15'),
(2306, 'Potentio', 73, '2020-06-10 17:10:15'),
(2307, 'Potentio', 69, '2020-06-10 17:10:22'),
(2308, 'Potentio', 71, '2020-06-10 17:10:26'),
(2309, 'Pulse', 57, '2020-06-10 17:10:29'),
(2310, 'Potentio', 73, '2020-06-10 17:10:31'),
(2311, 'Pulse', 84, '2020-06-10 17:10:36'),
(2312, 'Potentio', 74, '2020-06-10 17:10:38'),
(2313, 'Potentio', 72, '2020-06-10 17:11:17'),
(2314, 'Temp', 29, '2020-06-10 17:11:18'),
(2316, 'Potentio', 58, '2020-06-10 17:59:43'),
(2317, 'Temp', 29, '2020-06-10 17:59:44'),
(2318, 'Potentio', 50, '2020-06-10 17:59:44'),
(2319, 'Pulse', 99, '2020-06-10 17:59:47'),
(2320, 'Potentio', 56, '2020-06-10 17:59:49'),
(2321, 'Temp', 30, '2020-06-10 17:59:51'),
(2322, 'Potentio', 52, '2020-06-10 17:59:52'),
(2323, 'Potentio', 54, '2020-06-10 17:59:54'),
(2324, 'Pulse', 46, '2020-06-10 17:59:55'),
(2325, 'Potentio', 52, '2020-06-10 17:59:57'),
(2326, 'Potentio', 51, '2020-06-10 18:00:00'),
(2327, 'Temp', 29, '2020-06-10 18:00:02'),
(2328, 'Potentio', 57, '2020-06-10 18:00:03'),
(2329, 'Potentio', 60, '2020-06-10 18:00:06'),
(2330, 'Potentio', 56, '2020-06-10 18:00:09'),
(2331, 'Pulse', 45, '2020-06-10 18:00:11'),
(2332, 'Potentio', 62, '2020-06-10 18:00:14'),
(2333, 'Potentio', 55, '2020-06-10 18:00:18'),
(2334, 'Potentio', 61, '2020-06-10 18:00:20'),
(2335, 'Temp', 30, '2020-06-10 18:00:20'),
(2336, 'Potentio', 55, '2020-06-10 18:00:21'),
(2337, 'Potentio', 61, '2020-06-10 18:02:03'),
(2338, 'Temp', 29, '2020-06-10 18:02:04'),
(2339, 'Potentio', 51, '2020-06-10 18:02:04'),
(2340, 'Potentio', 60, '2020-06-10 18:02:10'),
(2341, 'Potentio', 58, '2020-06-10 18:02:13'),
(2342, 'Temp', 30, '2020-06-10 18:02:13'),
(2343, 'Potentio', 66, '2020-06-10 18:02:16'),
(2344, 'Temp', 29, '2020-06-10 18:02:18'),
(2345, 'Pulse', 64, '2020-06-10 18:02:19'),
(2346, 'Potentio', 56, '2020-06-10 18:02:19'),
(2347, 'Potentio', 67, '2020-06-10 18:02:21'),
(2348, 'Potentio', 60, '2020-06-10 18:02:25'),
(2349, 'Temp', 30, '2020-06-10 18:02:26'),
(2350, 'Potentio', 62, '2020-06-10 18:02:27'),
(2351, 'Temp', 29, '2020-06-10 18:02:29'),
(2352, 'Potentio', 52, '2020-06-10 18:02:29'),
(2353, 'Potentio', 51, '2020-06-10 18:02:32'),
(2354, 'Temp', 30, '2020-06-10 18:02:34'),
(2355, 'Potentio', 100, '2020-06-10 18:02:35'),
(2356, 'Potentio', 57, '2020-06-10 18:02:39'),
(2357, 'Potentio', 53, '2020-06-10 18:02:41'),
(2358, 'Potentio', 58, '2020-06-10 18:02:42'),
(2359, 'Pulse', 57, '2020-06-10 18:02:43'),
(2360, 'Potentio', 49, '2020-06-10 18:02:46'),
(2361, 'Potentio', 100, '2020-06-10 18:02:48'),
(2362, 'Temp', 27, '2020-06-10 18:02:49'),
(2363, 'Potentio', 99, '2020-06-10 18:02:49'),
(2364, 'Temp', 29, '2020-06-10 18:02:52'),
(2365, 'Potentio', 68, '2020-06-10 18:02:52'),
(2366, 'Potentio', 94, '2020-06-10 18:09:01'),
(2367, 'Potentio', 93, '2020-06-10 18:09:04'),
(2368, 'Pulse', 123, '2020-06-10 18:09:05'),
(2369, 'Potentio', 100, '2020-06-10 18:16:32'),
(2370, 'Potentio', 93, '2020-06-10 18:16:35'),
(2371, 'Potentio', 98, '2020-06-10 18:16:36'),
(2372, 'Potentio', 99, '2020-06-10 18:16:38'),
(2373, 'Pulse', 187, '2020-06-10 18:16:43'),
(2374, 'Potentio', 100, '2020-06-10 18:16:44'),
(2375, 'Potentio', 99, '2020-06-10 18:16:53'),
(2376, 'Potentio', 100, '2020-06-10 18:16:56'),
(2377, 'Pulse', 45, '2020-06-10 18:16:56'),
(2378, 'Potentio', 99, '2020-06-10 18:16:59'),
(2379, 'Potentio', 100, '2020-06-10 18:17:00'),
(2380, 'Potentio', 55, '2020-06-10 18:17:01'),
(2381, 'Potentio', 48, '2020-06-10 18:17:02'),
(2382, 'Potentio', 0, '2020-06-10 18:17:05'),
(2383, 'Potentio', 9, '2020-06-10 18:17:09'),
(2384, 'Potentio', 30, '2020-06-10 18:17:09'),
(2385, 'Potentio', 24, '2020-06-10 18:17:15'),
(2386, 'Temp', 26, '2020-06-10 18:17:15'),
(2387, 'Pulse', 109, '2020-06-10 18:17:18'),
(2388, 'Potentio', 26, '2020-06-10 18:17:18'),
(2389, 'Potentio', 0, '2020-06-10 18:17:22'),
(2390, 'Temp', 27, '2020-06-10 18:17:31'),
(2391, 'Temp', 26, '2020-06-10 18:17:37'),
(2392, 'Temp', 27, '2020-06-10 18:17:47'),
(2393, 'Pulse', 36, '2020-06-10 18:17:57'),
(2394, 'Pulse', 82, '2020-06-10 18:18:03'),
(2395, 'Pulse', 72, '2020-06-10 18:18:13'),
(2396, 'Potentio', 22, '2020-06-10 18:18:16'),
(2397, 'Potentio', 23, '2020-06-10 18:18:19'),
(2398, 'Temp', 28, '2020-06-10 18:18:20'),
(2399, 'Potentio', 22, '2020-06-10 18:18:22'),
(2400, 'Potentio', 21, '2020-06-10 18:18:25'),
(2401, 'Temp', 26, '2020-06-10 18:18:25'),
(2402, 'Potentio', 0, '2020-06-10 18:18:26'),
(2403, 'Potentio', 68, '2020-06-10 18:18:34'),
(2404, 'Potentio', 85, '2020-06-10 18:18:34'),
(2405, 'Potentio', 93, '2020-06-10 18:18:35'),
(2406, 'Potentio', 100, '2020-06-10 18:18:37'),
(2407, 'Potentio', 91, '2020-06-10 18:18:40'),
(2408, 'Potentio', 79, '2020-06-10 18:18:41'),
(2409, 'Potentio', 46, '2020-06-10 18:18:43'),
(2410, 'Potentio', 25, '2020-06-10 18:18:46'),
(2411, 'Potentio', 54, '2020-06-10 18:18:49'),
(2412, 'Potentio', 73, '2020-06-10 18:18:50'),
(2413, 'Potentio', 100, '2020-06-10 18:18:52'),
(2414, 'Temp', 27, '2020-06-10 18:18:59'),
(2415, 'Potentio', 88, '2020-06-10 18:19:04'),
(2416, 'Pulse', 30, '2020-06-10 18:19:05'),
(2417, 'Potentio', 76, '2020-06-10 18:19:07'),
(2418, 'Pulse', 58, '2020-06-10 18:19:10'),
(2419, 'Temp', 26, '2020-06-10 18:19:11'),
(2420, 'Potentio', 100, '2020-06-10 18:19:12'),
(2421, 'Potentio', 100, '2020-06-10 18:19:52'),
(2422, 'Temp', 27, '2020-06-10 18:19:53'),
(2423, 'Pulse', 80, '2020-06-10 18:20:05'),
(2424, 'Temp', 26, '2020-06-10 18:20:10'),
(2425, 'Temp', 27, '2020-06-10 18:20:14'),
(2426, 'Potentio', 86, '2020-06-10 18:20:16'),
(2427, 'Potentio', 78, '2020-06-10 18:20:17'),
(2428, 'Potentio', 75, '2020-06-10 18:20:17'),
(2429, 'Potentio', 70, '2020-06-10 18:20:17'),
(2430, 'Pulse', 130, '2020-06-10 18:20:18'),
(2431, 'Potentio', 23, '2020-06-10 18:20:20'),
(2432, 'Potentio', 0, '2020-06-10 18:20:21'),
(2433, 'Potentio', 69, '2020-06-10 18:20:25'),
(2434, 'Potentio', 72, '2020-06-10 18:20:25'),
(2435, 'Potentio', 100, '2020-06-10 18:20:27'),
(2436, 'Potentio', 99, '2020-06-10 18:20:29'),
(2437, 'Potentio', 98, '2020-06-10 18:20:30'),
(2438, 'Potentio', 99, '2020-06-10 18:20:30'),
(2439, 'Potentio', 98, '2020-06-10 18:20:30'),
(2440, 'Potentio', 100, '2020-06-10 18:20:32'),
(2441, 'Potentio', 69, '2020-06-10 18:20:33'),
(2442, 'Potentio', 62, '2020-06-10 18:20:38'),
(2443, 'Potentio', 61, '2020-06-10 18:20:38'),
(2444, 'Potentio', 100, '2020-06-10 18:20:40'),
(2445, 'Potentio', 97, '2020-06-10 18:20:43'),
(2446, 'Potentio', 99, '2020-06-10 18:20:44'),
(2447, 'Potentio', 95, '2020-06-10 18:20:44'),
(2448, 'Potentio', 100, '2020-06-10 18:20:48'),
(2449, 'Temp', 27, '2020-06-10 18:21:41'),
(2450, 'Pulse', 118, '2020-06-10 18:21:47'),
(2451, 'Pulse', 55, '2020-06-10 18:21:54');
INSERT INTO `meetwaarden` (`Volgnummer`, `DeviceId`, `Waarde`, `Datum`) VALUES
(2452, 'Potentio', 10, '2020-06-10 18:21:56'),
(2453, 'Potentio', 19, '2020-06-10 18:21:57'),
(2454, 'Potentio', 23, '2020-06-10 18:21:58'),
(2455, 'Potentio', 100, '2020-06-10 18:22:00'),
(2456, 'Potentio', 91, '2020-06-10 18:22:04'),
(2457, 'Potentio', 79, '2020-06-10 18:22:06'),
(2458, 'Potentio', 80, '2020-06-10 18:22:07'),
(2459, 'Potentio', 69, '2020-06-10 18:22:08'),
(2460, 'Potentio', 67, '2020-06-10 18:22:08'),
(2461, 'Potentio', 66, '2020-06-10 18:22:09'),
(2462, 'Potentio', 37, '2020-06-10 18:22:11'),
(2463, 'Potentio', 53, '2020-06-10 18:22:13'),
(2464, 'Potentio', 75, '2020-06-10 18:22:15'),
(2465, 'Potentio', 85, '2020-06-10 18:22:15'),
(2466, 'Potentio', 98, '2020-06-10 18:22:17'),
(2467, 'Potentio', 100, '2020-06-10 18:22:17'),
(2468, 'Pulse', 86, '2020-06-10 18:22:44'),
(2469, 'Pulse', 36, '2020-06-10 18:22:50'),
(2470, 'Pulse', 62, '2020-06-10 18:23:18'),
(2471, 'Pulse', 50, '2020-06-10 18:23:24'),
(2472, 'Pulse', 44, '2020-06-10 18:23:30'),
(2473, 'Pulse', 72, '2020-06-10 18:23:58'),
(2474, 'Potentio', 92, '2020-06-10 18:24:09'),
(2475, 'Potentio', 86, '2020-06-10 18:24:10'),
(2476, 'Potentio', 88, '2020-06-10 18:24:10'),
(2477, 'Potentio', 83, '2020-06-10 18:24:11'),
(2478, 'Pulse', 51, '2020-06-10 18:24:11'),
(2479, 'Potentio', 72, '2020-06-10 18:24:13'),
(2480, 'Potentio', 71, '2020-06-10 18:24:14'),
(2481, 'Potentio', 68, '2020-06-10 18:24:16'),
(2482, 'Potentio', 62, '2020-06-10 18:24:17'),
(2483, 'Potentio', 57, '2020-06-10 18:24:18'),
(2484, 'Potentio', 55, '2020-06-10 18:24:19'),
(2485, 'Potentio', 52, '2020-06-10 18:24:19'),
(2486, 'Potentio', 82, '2020-06-10 18:24:22'),
(2487, 'Potentio', 91, '2020-06-10 18:24:22'),
(2488, 'Potentio', 100, '2020-06-10 18:24:23'),
(2489, 'Pulse', 54, '2020-06-10 18:24:31'),
(2490, 'Potentio', 99, '2020-06-10 22:03:01'),
(2491, 'Temp', 28, '2020-06-10 22:03:02'),
(2492, 'Pulse', 47, '2020-06-10 22:03:07'),
(2493, 'Pulse', 84, '2020-06-10 22:03:19'),
(2494, 'Potentio', 99, '2020-06-10 22:03:51'),
(2495, 'Temp', 28, '2020-06-10 22:03:52'),
(2496, 'Pulse', 96, '2020-06-10 22:03:55'),
(2497, 'Pulse', 29, '2020-06-10 22:04:15'),
(2498, 'Pulse', 51, '2020-06-10 22:04:20'),
(2499, 'Potentio', 99, '2020-06-10 22:05:02'),
(2500, 'Temp', 28, '2020-06-10 22:05:03'),
(2501, 'Pulse', 75, '2020-06-10 22:05:14'),
(2502, 'Potentio', 76, '2020-06-10 22:05:26'),
(2503, 'Potentio', 78, '2020-06-10 22:05:26'),
(2504, 'Potentio', 85, '2020-06-10 22:05:29'),
(2505, 'Potentio', 94, '2020-06-10 22:05:32'),
(2506, 'Potentio', 99, '2020-06-10 22:05:35'),
(2507, 'Potentio', 84, '2020-06-10 22:05:38'),
(2508, 'Potentio', 80, '2020-06-10 22:05:38'),
(2509, 'Potentio', 77, '2020-06-10 22:05:38'),
(2510, 'Potentio', 75, '2020-06-10 22:05:39'),
(2511, 'Potentio', 51, '2020-06-10 22:05:41'),
(2512, 'Potentio', 39, '2020-06-10 22:05:45'),
(2513, 'Potentio', 43, '2020-06-10 22:05:45'),
(2514, 'Potentio', 54, '2020-06-10 22:05:47'),
(2515, 'Potentio', 64, '2020-06-10 22:05:48'),
(2516, 'Potentio', 68, '2020-06-10 22:05:48'),
(2517, 'Potentio', 92, '2020-06-10 22:05:50'),
(2518, 'Potentio', 74, '2020-06-10 22:05:54'),
(2519, 'Pulse', 63, '2020-06-10 22:05:54'),
(2520, 'Potentio', 81, '2020-06-10 22:05:55'),
(2521, 'Potentio', 95, '2020-06-10 22:05:57'),
(2522, 'Pulse', 56, '2020-06-10 22:06:04'),
(2523, 'Potentio', 87, '2020-06-10 22:06:05'),
(2524, 'Potentio', 85, '2020-06-10 22:06:10'),
(2525, 'Potentio', 86, '2020-06-10 22:06:10'),
(2526, 'Potentio', 84, '2020-06-10 22:06:12'),
(2527, 'Potentio', 85, '2020-06-10 22:06:14'),
(2528, 'Potentio', 86, '2020-06-10 22:06:14'),
(2529, 'Potentio', 84, '2020-06-10 22:06:17'),
(2530, 'Potentio', 82, '2020-06-10 22:06:17'),
(2531, 'Potentio', 65, '2020-06-10 22:06:21'),
(2532, 'Potentio', 68, '2020-06-10 22:06:22'),
(2533, 'Potentio', 67, '2020-06-10 22:06:22'),
(2534, 'Potentio', 68, '2020-06-10 22:06:22'),
(2535, 'Potentio', 66, '2020-06-10 22:06:26'),
(2536, 'Pulse', 43, '2020-06-10 22:06:30'),
(2537, 'Potentio', 68, '2020-06-10 22:06:33'),
(2538, 'Potentio', 67, '2020-06-10 22:06:34'),
(2539, 'Potentio', 69, '2020-06-10 22:06:35'),
(2540, 'Potentio', 67, '2020-06-10 22:06:37'),
(2541, 'Potentio', 68, '2020-06-10 22:07:14'),
(2542, 'Potentio', 71, '2020-06-10 22:07:14'),
(2543, 'Potentio', 67, '2020-06-10 22:07:17'),
(2544, 'Potentio', 70, '2020-06-10 22:07:17'),
(2545, 'Potentio', 71, '2020-06-10 22:07:18'),
(2546, 'Potentio', 94, '2020-06-10 22:07:20'),
(2547, 'Pulse', 84, '2020-06-10 22:07:35'),
(2548, 'Potentio', 95, '2020-06-10 22:07:39'),
(2549, 'Potentio', 94, '2020-06-10 22:07:41'),
(2550, 'Potentio', 95, '2020-06-10 22:07:42'),
(2551, 'Potentio', 94, '2020-06-10 22:07:44'),
(2552, 'Potentio', 95, '2020-06-10 22:07:45'),
(2553, 'Potentio', 94, '2020-06-10 22:07:46'),
(2554, 'Potentio', 95, '2020-06-10 22:07:47'),
(2555, 'Potentio', 94, '2020-06-10 22:07:50'),
(2556, 'Potentio', 95, '2020-06-10 22:07:51'),
(2557, 'Potentio', 94, '2020-06-10 22:07:53'),
(2558, 'Potentio', 95, '2020-06-10 22:07:57'),
(2559, 'Pulse', 28, '2020-06-10 22:08:09'),
(2560, 'Pulse', 74, '2020-06-10 22:08:55'),
(2561, 'Pulse', 45, '2020-06-10 22:09:03'),
(2562, 'Pulse', 98, '2020-06-10 22:09:07'),
(2563, 'Pulse', 120, '2020-06-10 22:09:11'),
(2564, 'Pulse', 85, '2020-06-10 22:09:39'),
(2565, 'Potentio', 94, '2020-06-10 22:09:48'),
(2566, 'Potentio', 95, '2020-06-10 22:09:49'),
(2567, 'Potentio', 100, '2020-06-10 22:09:50'),
(2568, 'Pulse', 41, '2020-06-10 22:09:59'),
(2569, 'Pulse', 69, '2020-06-10 22:10:09'),
(2570, 'Temp', 29, '2020-06-10 22:10:10'),
(2571, 'Temp', 28, '2020-06-10 22:10:14'),
(2572, 'Pulse', 72, '2020-06-10 22:10:33'),
(2573, 'Potentio', 100, '2020-06-10 22:46:31'),
(2574, 'Temp', 28, '2020-06-10 22:46:32'),
(2575, 'Potentio', 100, '2020-06-10 22:47:55'),
(2576, 'Temp', 28, '2020-06-10 22:47:56'),
(2577, 'Pulse', 57, '2020-06-10 22:48:00'),
(2578, 'Temp', 29, '2020-06-10 22:48:06'),
(2579, 'Temp', 28, '2020-06-10 22:48:09'),
(2580, 'Temp', 29, '2020-06-10 22:48:16'),
(2581, 'Temp', 28, '2020-06-10 22:48:19'),
(2582, 'Potentio', 100, '2020-06-10 22:49:26'),
(2583, 'Temp', 28, '2020-06-10 22:49:27'),
(2584, 'Pulse', 96, '2020-06-10 22:49:33'),
(2585, 'Potentio', 100, '2020-06-10 22:50:27'),
(2586, 'Temp', 28, '2020-06-10 22:50:28'),
(2587, 'Pulse', 45, '2020-06-10 22:50:40'),
(2588, 'Potentio', 100, '2020-06-10 22:52:46'),
(2589, 'Temp', 27, '2020-06-10 22:52:47'),
(2590, 'Pulse', 88, '2020-06-10 22:52:53'),
(2591, 'Potentio', 100, '2020-06-10 22:57:49'),
(2592, 'Temp', 27, '2020-06-10 22:57:50'),
(2593, 'Pulse', 82, '2020-06-10 22:57:56'),
(2594, 'Potentio', 100, '2020-06-10 23:00:11'),
(2595, 'Temp', 27, '2020-06-10 23:00:12'),
(2596, 'Pulse', 73, '2020-06-10 23:00:19'),
(2597, 'Temp', 28, '2020-06-10 23:00:21'),
(2598, 'Potentio', 100, '2020-06-10 23:00:59'),
(2599, 'Temp', 29, '2020-06-10 23:01:00'),
(2600, 'Pulse', 72, '2020-06-10 23:01:12'),
(2601, 'Temp', 28, '2020-06-10 23:01:34'),
(2602, 'Temp', 29, '2020-06-10 23:01:43'),
(2603, 'Temp', 28, '2020-06-10 23:01:58'),
(2604, 'Temp', 29, '2020-06-10 23:02:02'),
(2605, 'Temp', 28, '2020-06-10 23:02:05'),
(2606, 'Temp', 29, '2020-06-10 23:02:08'),
(2607, 'Temp', 28, '2020-06-10 23:02:18'),
(2608, 'Potentio', 100, '2020-06-10 23:07:48'),
(2609, 'Temp', 27, '2020-06-10 23:07:49'),
(2610, 'Pulse', 52, '2020-06-10 23:08:01'),
(2611, 'Potentio', 100, '2020-06-10 23:09:47'),
(2612, 'Temp', 27, '2020-06-10 23:09:48'),
(2613, 'Pulse', 54, '2020-06-10 23:09:55'),
(2614, 'Pulse', 147, '2020-06-10 23:10:02'),
(2615, 'Potentio', 100, '2020-06-10 23:10:32'),
(2616, 'Temp', 27, '2020-06-10 23:10:33'),
(2617, 'Pulse', 79, '2020-06-10 23:10:45'),
(2618, 'Potentio', 100, '2020-06-10 23:13:48'),
(2619, 'Temp', 27, '2020-06-10 23:13:49'),
(2620, 'Pulse', 72, '2020-06-10 23:14:10'),
(2621, 'Potentio', 100, '2020-06-10 23:14:42'),
(2622, 'Temp', 27, '2020-06-10 23:14:43'),
(2623, 'Pulse', 67, '2020-06-10 23:14:54'),
(2624, 'Potentio', 100, '2020-06-10 23:17:13'),
(2625, 'Potentio', 100, '2020-06-10 23:17:18'),
(2626, 'Temp', 27, '2020-06-10 23:17:19'),
(2627, 'Pulse', 65, '2020-06-10 23:17:26'),
(2628, 'Pulse', 59, '2020-06-10 23:17:32'),
(2629, 'Potentio', 100, '2020-06-10 23:18:17'),
(2630, 'Temp', 27, '2020-06-10 23:18:18'),
(2631, 'Pulse', 49, '2020-06-10 23:18:22'),
(2632, 'Pulse', 66, '2020-06-10 23:18:37'),
(2633, 'Potentio', 100, '2020-06-11 09:32:26'),
(2634, 'Temp', 28, '2020-06-11 09:32:27'),
(2635, 'Potentio', 100, '2020-06-11 09:33:46'),
(2636, 'Temp', 28, '2020-06-11 09:33:47'),
(2637, 'Pulse', 147, '2020-06-11 09:33:55'),
(2638, 'Pulse', 48, '2020-06-11 09:34:03'),
(2639, 'Potentio', 99, '2020-06-11 09:34:26'),
(2640, 'Potentio', 100, '2020-06-11 09:34:27'),
(2641, 'Temp', 27, '2020-06-11 09:34:30'),
(2642, 'Potentio', 100, '2020-06-11 09:35:25'),
(2643, 'Temp', 28, '2020-06-11 09:35:26'),
(2644, 'Pulse', 157, '2020-06-11 09:35:29'),
(2645, 'Pulse', 58, '2020-06-11 09:35:39'),
(2646, 'Pulse', 49, '2020-06-11 09:35:44'),
(2647, 'Potentio', 99, '2020-06-11 21:05:14'),
(2648, 'Potentio', 100, '2020-06-11 21:05:15'),
(2649, 'Temp', 28, '2020-06-11 21:05:15'),
(2650, 'Potentio', 100, '2020-06-11 21:06:50'),
(2651, 'Temp', 28, '2020-06-11 21:06:51'),
(2652, 'Potentio', 100, '2020-06-11 21:07:16'),
(2653, 'Temp', 28, '2020-06-11 21:07:17'),
(2654, 'Potentio', 100, '2020-06-11 21:08:41'),
(2655, 'Temp', 28, '2020-06-11 21:08:42'),
(2656, 'Potentio', 100, '2020-06-11 21:10:40'),
(2657, 'Temp', 28, '2020-06-11 21:10:41'),
(2658, 'Potentio', 100, '2020-06-11 21:11:38'),
(2659, 'Temp', 28, '2020-06-11 21:11:39'),
(2660, 'Potentio', 100, '2020-06-11 21:12:43'),
(2661, 'Temp', 28, '2020-06-11 21:12:44'),
(2662, 'Potentio', 100, '2020-06-11 21:13:28'),
(2663, 'Temp', 28, '2020-06-11 21:13:29'),
(2664, 'Potentio', 100, '2020-06-11 21:15:04'),
(2665, 'Temp', 28, '2020-06-11 21:15:05'),
(2666, 'Potentio', 99, '2020-06-11 23:32:52'),
(2667, 'Potentio', 99, '2020-06-11 23:34:05'),
(2668, 'Temp', 26, '2020-06-11 23:34:06'),
(2669, 'Pulse', 97, '2020-06-11 23:34:10'),
(2670, 'Potentio', 99, '2020-06-11 23:38:02'),
(2671, 'Potentio', 100, '2020-06-12 11:07:15'),
(2672, 'Temp', 25, '2020-06-12 11:07:16'),
(2673, 'Potentio', 100, '2020-06-12 11:07:37'),
(2674, 'Temp', 26, '2020-06-12 11:07:38'),
(2675, 'Potentio', 100, '2020-06-12 11:08:07'),
(2676, 'Temp', 26, '2020-06-12 11:08:08'),
(2677, 'Potentio', 100, '2020-06-12 11:10:29'),
(2678, 'Temp', 26, '2020-06-12 11:10:30'),
(2679, 'Potentio', 100, '2020-06-12 11:10:58'),
(2680, 'Temp', 26, '2020-06-12 11:10:59'),
(2681, 'Potentio', 100, '2020-06-12 11:11:51'),
(2682, 'Temp', 26, '2020-06-12 11:11:52'),
(2683, 'Potentio', 100, '2020-06-12 11:25:41'),
(2684, 'Potentio', 99, '2020-06-12 11:25:41'),
(2685, 'Temp', 26, '2020-06-12 11:25:42'),
(2686, 'Potentio', 100, '2020-06-12 11:25:43'),
(2687, 'Potentio', 99, '2020-06-12 11:25:44'),
(2688, 'Potentio', 100, '2020-06-12 11:25:46'),
(2689, 'Potentio', 99, '2020-06-12 11:25:47'),
(2690, 'Potentio', 100, '2020-06-12 11:25:50'),
(2691, 'Potentio', 99, '2020-06-12 11:25:51'),
(2692, 'Potentio', 100, '2020-06-12 11:25:52'),
(2693, 'Potentio', 99, '2020-06-12 11:25:57'),
(2694, 'Potentio', 100, '2020-06-12 11:26:00'),
(2695, 'Temp', 27, '2020-06-12 11:26:00'),
(2696, 'Potentio', 99, '2020-06-12 11:26:21'),
(2697, 'Potentio', 100, '2020-06-12 11:26:23'),
(2698, 'Potentio', 99, '2020-06-12 11:26:23'),
(2699, 'Potentio', 100, '2020-06-12 11:26:26'),
(2700, 'Potentio', 99, '2020-06-12 11:26:26'),
(2701, 'Potentio', 100, '2020-06-12 11:27:29'),
(2702, 'Potentio', 99, '2020-06-12 11:27:29'),
(2703, 'Potentio', 100, '2020-06-12 11:27:29'),
(2704, 'Temp', 27, '2020-06-12 11:27:30'),
(2705, 'Potentio', 99, '2020-06-12 11:27:34'),
(2706, 'Potentio', 100, '2020-06-12 11:27:36'),
(2707, 'Pulse', 54, '2020-06-12 11:27:55'),
(2708, 'Potentio', 99, '2020-06-12 11:27:55'),
(2709, 'Potentio', 100, '2020-06-12 11:27:57'),
(2710, 'Potentio', 99, '2020-06-12 11:27:58'),
(2711, 'Potentio', 100, '2020-06-12 11:28:00'),
(2712, 'Potentio', 100, '2020-06-12 11:30:44'),
(2713, 'Potentio', 99, '2020-06-12 11:30:44'),
(2714, 'Temp', 27, '2020-06-12 11:30:45'),
(2715, 'Potentio', 100, '2020-06-12 11:30:46'),
(2716, 'Potentio', 100, '2020-06-12 11:31:21'),
(2717, 'Temp', 27, '2020-06-12 11:31:22'),
(2718, 'Potentio', 99, '2020-06-12 11:31:22'),
(2719, 'Potentio', 100, '2020-06-12 11:31:23'),
(2720, 'Potentio', 99, '2020-06-12 11:31:23'),
(2721, 'Potentio', 100, '2020-06-12 11:31:25'),
(2722, 'Potentio', 100, '2020-06-12 11:32:13'),
(2723, 'Potentio', 99, '2020-06-12 11:32:13'),
(2724, 'Temp', 27, '2020-06-12 11:32:14'),
(2725, 'Potentio', 100, '2020-06-12 11:32:16'),
(2726, 'Potentio', 100, '2020-06-12 11:32:31'),
(2727, 'Potentio', 99, '2020-06-12 11:32:31'),
(2728, 'Temp', 27, '2020-06-12 11:32:32'),
(2729, 'Potentio', 100, '2020-06-12 11:32:34'),
(2730, 'Potentio', 99, '2020-06-12 11:33:14'),
(2731, 'Temp', 27, '2020-06-12 11:33:15'),
(2732, 'Potentio', 99, '2020-06-12 11:34:24'),
(2733, 'Temp', 27, '2020-06-12 11:34:25'),
(2734, 'Potentio', 99, '2020-06-12 11:35:41'),
(2735, 'Temp', 27, '2020-06-12 11:35:42'),
(2736, 'Potentio', 99, '2020-06-12 11:36:05'),
(2737, 'Temp', 27, '2020-06-12 11:36:06'),
(2738, 'Potentio', 99, '2020-06-12 11:37:31'),
(2739, 'Temp', 27, '2020-06-12 11:37:32'),
(2740, 'Potentio', 99, '2020-06-12 11:38:55'),
(2741, 'Temp', 27, '2020-06-12 11:38:56'),
(2742, 'Potentio', 99, '2020-06-12 11:39:41'),
(2743, 'Temp', 27, '2020-06-12 11:39:42'),
(2744, 'Potentio', 99, '2020-06-12 11:40:37'),
(2745, 'Temp', 27, '2020-06-12 11:40:38'),
(2746, 'Potentio', 99, '2020-06-12 11:42:23'),
(2747, 'Temp', 27, '2020-06-12 11:42:24'),
(2748, 'Pulse', 30, '2020-06-12 11:42:51'),
(2749, 'Potentio', 99, '2020-06-12 11:44:57'),
(2750, 'Temp', 27, '2020-06-12 11:44:58'),
(2751, 'Potentio', 100, '2020-06-12 11:45:14'),
(2752, 'Potentio', 99, '2020-06-12 11:45:14'),
(2753, 'Potentio', 100, '2020-06-12 11:45:34'),
(2754, 'Potentio', 99, '2020-06-12 11:45:34'),
(2755, 'Potentio', 100, '2020-06-12 11:47:39'),
(2756, 'Potentio', 99, '2020-06-12 11:47:39'),
(2757, 'Temp', 27, '2020-06-12 11:47:40'),
(2758, 'Potentio', 100, '2020-06-12 11:47:49'),
(2759, 'Potentio', 99, '2020-06-12 11:47:49'),
(2760, 'Potentio', 100, '2020-06-12 11:47:57'),
(2761, 'Potentio', 99, '2020-06-12 11:47:57'),
(2762, 'Potentio', 100, '2020-06-12 11:47:59'),
(2763, 'Potentio', 99, '2020-06-12 11:48:02'),
(2764, 'Potentio', 100, '2020-06-12 11:48:07'),
(2765, 'Potentio', 99, '2020-06-12 11:48:07'),
(2766, 'Potentio', 100, '2020-06-12 11:48:11'),
(2767, 'Potentio', 99, '2020-06-12 11:48:12'),
(2768, 'Potentio', 100, '2020-06-12 11:48:14'),
(2769, 'Potentio', 99, '2020-06-12 11:48:14'),
(2770, 'Potentio', 100, '2020-06-12 11:48:17'),
(2771, 'Potentio', 99, '2020-06-12 11:48:41'),
(2772, 'Potentio', 100, '2020-06-12 11:48:47'),
(2773, 'Potentio', 99, '2020-06-12 11:48:47'),
(2774, 'Potentio', 100, '2020-06-12 11:48:49'),
(2775, 'Potentio', 99, '2020-06-12 11:48:49'),
(2776, 'Potentio', 100, '2020-06-12 11:48:51'),
(2777, 'Potentio', 99, '2020-06-12 11:48:52'),
(2778, 'Potentio', 100, '2020-06-12 11:48:55'),
(2779, 'Potentio', 99, '2020-06-12 11:48:56'),
(2780, 'Potentio', 100, '2020-06-12 11:48:58'),
(2781, 'Potentio', 99, '2020-06-12 11:48:58'),
(2782, 'Potentio', 100, '2020-06-12 11:49:01'),
(2783, 'Potentio', 99, '2020-06-12 11:49:01'),
(2784, 'Potentio', 100, '2020-06-12 11:49:05'),
(2785, 'Potentio', 99, '2020-06-12 11:49:06'),
(2786, 'Potentio', 100, '2020-06-12 11:49:10'),
(2787, 'Potentio', 99, '2020-06-12 11:49:11'),
(2788, 'Potentio', 100, '2020-06-12 11:49:13'),
(2789, 'Potentio', 99, '2020-06-12 11:49:13'),
(2790, 'Potentio', 100, '2020-06-12 11:49:16'),
(2791, 'Potentio', 99, '2020-06-12 11:49:16'),
(2792, 'Potentio', 100, '2020-06-12 11:49:18'),
(2793, 'Potentio', 99, '2020-06-12 11:49:19'),
(2794, 'Potentio', 100, '2020-06-12 11:49:21'),
(2795, 'Potentio', 99, '2020-06-12 11:49:22'),
(2796, 'Potentio', 100, '2020-06-12 11:49:23'),
(2797, 'Potentio', 99, '2020-06-12 11:49:24'),
(2798, 'Potentio', 100, '2020-06-12 11:49:26'),
(2799, 'Potentio', 99, '2020-06-12 11:49:27'),
(2800, 'Potentio', 100, '2020-06-12 11:49:29'),
(2801, 'Potentio', 99, '2020-06-12 11:49:29'),
(2802, 'Potentio', 100, '2020-06-12 11:49:32'),
(2803, 'Potentio', 99, '2020-06-12 11:49:32'),
(2804, 'Potentio', 100, '2020-06-12 11:49:34'),
(2805, 'Potentio', 99, '2020-06-12 11:49:35'),
(2806, 'Potentio', 100, '2020-06-12 11:49:37'),
(2807, 'Potentio', 99, '2020-06-12 11:49:37'),
(2808, 'Potentio', 100, '2020-06-12 11:49:42'),
(2809, 'Potentio', 99, '2020-06-12 11:49:42'),
(2810, 'Potentio', 100, '2020-06-12 11:49:47'),
(2811, 'Potentio', 99, '2020-06-12 11:49:47'),
(2812, 'Potentio', 100, '2020-06-12 11:49:51'),
(2813, 'Potentio', 99, '2020-06-12 11:49:51'),
(2814, 'Potentio', 100, '2020-06-12 11:49:55'),
(2815, 'Potentio', 99, '2020-06-12 11:50:02'),
(2816, 'Potentio', 100, '2020-06-12 11:50:05'),
(2817, 'Potentio', 99, '2020-06-12 11:50:05'),
(2818, 'Potentio', 100, '2020-06-12 11:50:08'),
(2819, 'Potentio', 99, '2020-06-12 11:50:08'),
(2820, 'Potentio', 100, '2020-06-12 11:50:11'),
(2821, 'Potentio', 99, '2020-06-12 11:50:19'),
(2822, 'Potentio', 100, '2020-06-12 11:50:21'),
(2823, 'Potentio', 99, '2020-06-12 11:50:22'),
(2824, 'Potentio', 100, '2020-06-12 11:50:29'),
(2825, 'Potentio', 99, '2020-06-12 11:50:33'),
(2826, 'Potentio', 100, '2020-06-12 11:50:35'),
(2827, 'Potentio', 99, '2020-06-12 11:50:37'),
(2828, 'Potentio', 100, '2020-06-12 11:50:40'),
(2829, 'Potentio', 99, '2020-06-12 11:50:44'),
(2830, 'Potentio', 100, '2020-06-12 11:50:46'),
(2831, 'Pulse', 82, '2020-06-12 11:53:53'),
(2832, 'Potentio', 100, '2020-06-12 11:51:52'),
(2833, 'Temp', 27, '2020-06-12 11:51:53'),
(2834, 'Pulse', 35, '2020-06-12 12:00:21'),
(2835, 'Potentio', 100, '2020-06-12 12:03:49'),
(2836, 'Temp', 27, '2020-06-12 12:03:50'),
(2837, 'Pulse', 99, '2020-06-12 12:05:24'),
(2838, 'Potentio', 1, '2020-06-13 10:22:34'),
(2839, 'Temp', 16, '2020-06-13 10:22:35'),
(2840, 'Potentio', 16, '2020-06-13 10:22:38'),
(2841, 'Potentio', 27, '2020-06-13 10:22:41'),
(2842, 'Potentio', 28, '2020-06-13 10:22:42'),
(2843, 'Potentio', 12, '2020-06-13 10:22:48'),
(2844, 'Potentio', 9, '2020-06-13 10:22:48'),
(2845, 'Pulse', 61, '2020-06-13 10:22:48'),
(2846, 'Potentio', 12, '2020-06-13 10:22:50'),
(2847, 'Potentio', 8, '2020-06-13 10:22:50'),
(2848, 'Potentio', 11, '2020-06-13 10:22:53'),
(2849, 'Potentio', 7, '2020-06-13 10:22:53'),
(2850, 'Potentio', 12, '2020-06-13 10:22:55'),
(2851, 'Temp', 15, '2020-06-13 10:22:56'),
(2852, 'Pulse', 100, '2020-06-13 10:22:57'),
(2853, 'Potentio', 13, '2020-06-13 10:22:58'),
(2854, 'Temp', 16, '2020-06-13 10:23:00'),
(2855, 'Potentio', 8, '2020-06-13 10:23:01'),
(2856, 'Potentio', 13, '2020-06-13 10:23:04'),
(2857, 'Potentio', 12, '2020-06-13 10:23:05'),
(2858, 'Pulse', 66, '2020-06-13 10:23:05'),
(2859, 'Potentio', 13, '2020-06-13 10:23:08'),
(2860, 'Potentio', 10, '2020-06-13 10:23:08'),
(2861, 'Pulse', 65, '2020-06-13 10:23:10'),
(2862, 'Potentio', 13, '2020-06-13 10:23:12'),
(2863, 'Potentio', 12, '2020-06-13 10:23:12'),
(2864, 'Potentio', 15, '2020-06-13 10:24:02'),
(2865, 'Potentio', 12, '2020-06-13 10:24:03'),
(2866, 'Temp', 15, '2020-06-13 10:24:03'),
(2867, 'Potentio', 15, '2020-06-13 10:24:05'),
(2868, 'Potentio', 17, '2020-06-13 10:24:09'),
(2869, 'Potentio', 24, '2020-06-13 10:24:10'),
(2870, 'Potentio', 25, '2020-06-13 10:24:12'),
(2871, 'Temp', 16, '2020-06-13 10:24:13'),
(2872, 'Potentio', 22, '2020-06-13 10:24:13'),
(2873, 'Potentio', 12, '2020-06-13 10:24:17'),
(2874, 'Potentio', 8, '2020-06-13 10:24:18'),
(2875, 'Potentio', 11, '2020-06-13 10:24:19'),
(2876, 'Temp', 15, '2020-06-13 10:24:19'),
(2877, 'Potentio', 12, '2020-06-13 10:24:59'),
(2878, 'Potentio', 9, '2020-06-13 10:25:00'),
(2879, 'Temp', 16, '2020-06-13 10:25:00'),
(2880, 'Potentio', 17, '2020-06-13 10:25:05'),
(2881, 'Potentio', 21, '2020-06-13 10:25:07'),
(2882, 'Potentio', 18, '2020-06-13 10:25:07'),
(2883, 'Potentio', 19, '2020-06-13 10:25:07'),
(2884, 'Potentio', 23, '2020-06-13 10:25:07'),
(2885, 'Potentio', 20, '2020-06-13 10:25:08'),
(2886, 'Temp', 15, '2020-06-13 10:25:08'),
(2887, 'Potentio', 22, '2020-06-13 10:25:08'),
(2888, 'Potentio', 21, '2020-06-13 10:25:08'),
(2889, 'Potentio', 23, '2020-06-13 10:25:08'),
(2890, 'Potentio', 21, '2020-06-13 10:25:09'),
(2891, 'Potentio', 24, '2020-06-13 10:25:11'),
(2892, 'Potentio', 22, '2020-06-13 10:25:11'),
(2893, 'Potentio', 23, '2020-06-13 10:25:11'),
(2894, 'Potentio', 26, '2020-06-13 10:25:13'),
(2895, 'Temp', 16, '2020-06-13 10:25:17'),
(2896, 'Potentio', 27, '2020-06-13 10:25:19'),
(2897, 'Potentio', 27, '2020-06-13 10:26:25'),
(2898, 'Temp', 16, '2020-06-13 10:26:26'),
(2899, 'Potentio', 28, '2020-06-13 10:26:30'),
(2900, 'Potentio', 26, '2020-06-13 10:26:30'),
(2901, 'Potentio', 28, '2020-06-13 10:26:32'),
(2902, 'Potentio', 27, '2020-06-13 10:26:34'),
(2903, 'Potentio', 27, '2020-06-13 10:26:52'),
(2904, 'Potentio', 25, '2020-06-13 10:26:53'),
(2905, 'Potentio', 26, '2020-06-13 10:26:53'),
(2906, 'Temp', 17, '2020-06-13 10:26:53'),
(2907, 'Potentio', 27, '2020-06-13 10:26:57'),
(2908, 'Potentio', 26, '2020-06-13 10:26:57'),
(2909, 'Potentio', 28, '2020-06-13 10:41:33'),
(2910, 'Potentio', 27, '2020-06-13 10:41:33'),
(2911, 'Temp', 16, '2020-06-13 10:41:34'),
(2912, 'Potentio', 21, '2020-06-13 10:42:11'),
(2913, 'Potentio', 18, '2020-06-13 10:42:11'),
(2914, 'Temp', 16, '2020-06-13 10:42:12'),
(2915, 'Potentio', 22, '2020-06-13 10:42:14'),
(2916, 'Potentio', 21, '2020-06-13 10:42:17'),
(2917, 'Potentio', 18, '2020-06-13 10:42:17'),
(2918, 'Potentio', 19, '2020-06-13 10:42:20'),
(2919, 'Temp', 17, '2020-06-13 10:42:22'),
(2920, 'Potentio', 17, '2020-06-13 10:42:24'),
(2921, 'Potentio', 18, '2020-06-13 10:42:26'),
(2922, 'Temp', 15, '2020-06-13 10:42:26'),
(2923, 'Potentio', 11, '2020-06-13 10:43:49'),
(2924, 'Potentio', 14, '2020-06-13 10:43:49'),
(2925, 'Potentio', 12, '2020-06-13 10:43:49'),
(2926, 'Temp', 15, '2020-06-13 10:43:50'),
(2927, 'Potentio', 13, '2020-06-13 10:43:54'),
(2928, 'Temp', 16, '2020-06-13 10:43:57'),
(2929, 'Potentio', 12, '2020-06-13 10:43:58'),
(2930, 'Pulse', 102, '2020-06-13 10:43:58'),
(2931, 'Potentio', 10, '2020-06-13 10:44:00'),
(2932, 'Potentio', 9, '2020-06-13 10:44:02'),
(2933, 'Potentio', 12, '2020-06-13 10:44:03'),
(2934, 'Potentio', 9, '2020-06-13 10:44:03'),
(2935, 'Temp', 17, '2020-06-13 10:44:04'),
(2936, 'Potentio', 12, '2020-06-13 10:44:05'),
(2937, 'Potentio', 9, '2020-06-13 10:44:06'),
(2938, 'Potentio', 14, '2020-06-13 10:44:09'),
(2939, 'Temp', 16, '2020-06-13 10:44:11'),
(2940, 'Potentio', 13, '2020-06-13 10:44:11'),
(2941, 'Potentio', 10, '2020-06-13 10:44:11'),
(2942, 'Potentio', 11, '2020-06-13 10:44:13'),
(2943, 'Potentio', 14, '2020-06-13 10:44:15'),
(2944, 'Potentio', 15, '2020-06-13 10:44:16'),
(2945, 'Temp', 15, '2020-06-13 10:44:17'),
(2946, 'Potentio', 11, '2020-06-13 10:44:18'),
(2947, 'Potentio', 15, '2020-06-13 10:44:19'),
(2948, 'Potentio', 11, '2020-06-13 10:44:20'),
(2949, 'Potentio', 10, '2020-06-13 10:44:20'),
(2950, 'Potentio', 13, '2020-06-13 10:44:22'),
(2951, 'Potentio', 26, '2020-06-13 10:44:23'),
(2952, 'Temp', 17, '2020-06-13 10:44:25'),
(2953, 'Temp', 16, '2020-06-13 10:44:29'),
(2954, 'Potentio', 25, '2020-06-13 10:44:29'),
(2955, 'Potentio', 28, '2020-06-13 10:44:30'),
(2956, 'Potentio', 26, '2020-06-13 10:44:30'),
(2957, 'Potentio', 25, '2020-06-13 10:44:30'),
(2958, 'Potentio', 27, '2020-06-13 10:44:33'),
(2959, 'Potentio', 28, '2020-06-13 10:44:36'),
(2960, 'Potentio', 26, '2020-06-13 10:44:37'),
(2961, 'Potentio', 28, '2020-06-13 10:44:39'),
(2962, 'Temp', 17, '2020-06-13 10:44:42'),
(2963, 'Pulse', 145, '2020-06-13 10:44:42'),
(2964, 'Potentio', 26, '2020-06-13 10:44:42'),
(2967, 'Potentio', 28, '2020-06-13 11:01:35'),
(2968, 'Potentio', 27, '2020-06-13 11:01:36'),
(2969, 'Potentio', 28, '2020-06-13 11:01:36'),
(2970, 'Temp', 16, '2020-06-13 11:01:36'),
(2971, 'Temp', 17, '2020-06-13 11:01:42'),
(2972, 'Potentio', 27, '2020-06-13 11:01:43'),
(2973, 'Potentio', 28, '2020-06-13 11:01:44'),
(2974, 'Potentio', 28, '2020-06-13 11:01:52'),
(2975, 'Potentio', 27, '2020-06-13 11:01:53'),
(2976, 'Temp', 16, '2020-06-13 11:01:53'),
(2977, 'Potentio', 28, '2020-06-13 11:01:55'),
(2978, 'Potentio', 27, '2020-06-13 11:01:56'),
(2979, 'Pulse', 186, '2020-06-13 11:01:57'),
(2980, 'Temp', 15, '2020-06-13 11:01:57'),
(2981, 'Potentio', 28, '2020-06-13 11:01:59'),
(2982, 'Potentio', 23, '2020-06-13 11:02:43'),
(2983, 'Temp', 16, '2020-06-13 11:02:44'),
(2984, 'Potentio', 25, '2020-06-13 11:02:45'),
(2985, 'Pulse', 71, '2020-06-13 11:02:49'),
(2986, 'Potentio', 27, '2020-06-13 11:02:50'),
(2987, 'Potentio', 26, '2020-06-13 11:02:51'),
(2988, 'Potentio', 28, '2020-06-13 11:02:53'),
(2989, 'Potentio', 27, '2020-06-13 11:02:53'),
(2990, 'Potentio', 25, '2020-06-13 11:02:55'),
(2991, 'Potentio', 26, '2020-06-13 11:02:57'),
(2992, 'Potentio', 25, '2020-06-13 11:02:58'),
(2993, 'Potentio', 26, '2020-06-13 11:03:01'),
(2994, 'Potentio', 25, '2020-06-13 11:03:01'),
(2995, 'Potentio', 26, '2020-06-13 11:03:01'),
(2996, 'Temp', 15, '2020-06-13 11:03:01'),
(2997, 'Pulse', 73, '2020-06-13 11:03:03'),
(2998, 'Temp', 16, '2020-06-13 11:03:05'),
(2999, 'Potentio', 27, '2020-06-13 11:03:07'),
(3000, 'Potentio', 14, '2020-06-13 11:04:24'),
(3001, 'Potentio', 12, '2020-06-13 11:04:24'),
(3002, 'Temp', 16, '2020-06-13 11:04:25'),
(3003, 'Potentio', 14, '2020-06-13 11:04:26'),
(3004, 'Potentio', 15, '2020-06-13 11:04:27'),
(3005, 'Potentio', 12, '2020-06-13 11:04:28'),
(3006, 'Potentio', 15, '2020-06-13 11:04:30'),
(3007, 'Potentio', 13, '2020-06-13 11:04:30'),
(3008, 'Temp', 15, '2020-06-13 11:04:30'),
(3009, 'Potentio', 15, '2020-06-13 11:04:32'),
(3010, 'Potentio', 12, '2020-06-13 11:04:32'),
(3011, 'Potentio', 15, '2020-06-13 11:04:34'),
(3012, 'Potentio', 13, '2020-06-13 11:04:37'),
(3013, 'Pulse', 81, '2020-06-13 11:04:41'),
(3014, 'Potentio', 16, '2020-06-13 11:04:42'),
(3015, 'Temp', 16, '2020-06-13 11:04:44'),
(3016, 'Pulse', 63, '2020-06-13 11:04:46'),
(3017, 'Potentio', 14, '2020-06-13 11:04:46'),
(3018, 'Potentio', 17, '2020-06-13 11:04:48'),
(3019, 'Temp', 15, '2020-06-13 11:04:48'),
(3020, 'Temp', 16, '2020-06-13 11:04:53'),
(3021, 'Potentio', 15, '2020-06-13 11:05:47'),
(3022, 'Potentio', 14, '2020-06-13 11:05:48'),
(3023, 'Temp', 16, '2020-06-13 11:05:48'),
(3024, 'Potentio', 17, '2020-06-13 11:05:48'),
(3025, 'Potentio', 13, '2020-06-13 11:05:55'),
(3026, 'Potentio', 16, '2020-06-13 11:05:57'),
(3027, 'Pulse', 78, '2020-06-13 11:05:58'),
(3028, 'Potentio', 11, '2020-06-13 11:07:34'),
(3029, 'Potentio', 9, '2020-06-13 11:07:34'),
(3030, 'Potentio', 10, '2020-06-13 11:07:34'),
(3031, 'Temp', 17, '2020-06-13 11:07:35'),
(3032, 'Potentio', 12, '2020-06-13 11:07:37'),
(3033, 'Potentio', 9, '2020-06-13 11:07:37'),
(3034, 'Potentio', 12, '2020-06-13 11:07:39'),
(3035, 'Temp', 16, '2020-06-13 11:07:40'),
(3036, 'Pulse', 91, '2020-06-13 11:07:40'),
(3037, 'Potentio', 11, '2020-06-13 11:07:45'),
(3038, 'Potentio', 9, '2020-06-13 11:07:45'),
(3039, 'Potentio', 12, '2020-06-13 11:07:47'),
(3040, 'Potentio', 9, '2020-06-13 11:07:48'),
(3041, 'Temp', 17, '2020-06-13 11:07:50'),
(3042, 'Potentio', 13, '2020-06-13 11:07:50'),
(3043, 'Potentio', 12, '2020-06-13 11:07:52'),
(3044, 'Potentio', 11, '2020-06-13 11:07:58'),
(3045, 'Potentio', 8, '2020-06-13 11:07:59'),
(3046, 'Temp', 16, '2020-06-13 11:07:59'),
(3047, 'Potentio', 11, '2020-06-13 11:08:01'),
(3048, 'Potentio', 12, '2020-06-13 11:08:02'),
(3049, 'Potentio', 10, '2020-06-13 11:08:03'),
(3050, 'Potentio', 8, '2020-06-13 11:08:03'),
(3051, 'Pulse', 110, '2020-06-13 11:08:04'),
(3052, 'Potentio', 10, '2020-06-13 11:08:05'),
(3053, 'Temp', 15, '2020-06-13 11:08:05'),
(3054, 'Potentio', 11, '2020-06-13 11:08:08'),
(3055, 'Potentio', 8, '2020-06-13 11:08:08'),
(3056, 'Potentio', 10, '2020-06-13 11:08:10'),
(3057, 'Potentio', 8, '2020-06-13 11:08:11'),
(3058, 'Potentio', 11, '2020-06-13 11:14:09'),
(3059, 'Potentio', 8, '2020-06-13 11:14:09'),
(3060, 'Temp', 16, '2020-06-13 11:14:10'),
(3061, 'Potentio', 11, '2020-06-13 11:14:12'),
(3062, 'Potentio', 8, '2020-06-13 11:14:12'),
(3063, 'Potentio', 11, '2020-06-13 11:14:14'),
(3064, 'Potentio', 10, '2020-06-13 11:14:14'),
(3065, 'Temp', 15, '2020-06-13 11:14:15'),
(3066, 'Pulse', 46, '2020-06-13 11:14:15'),
(3067, 'Temp', 16, '2020-06-13 11:14:18'),
(3068, 'Potentio', 11, '2020-06-13 11:14:19'),
(3069, 'Potentio', 9, '2020-06-13 11:14:19'),
(3070, 'Potentio', 11, '2020-06-13 11:14:22'),
(3071, 'Potentio', 8, '2020-06-13 11:14:23'),
(3072, 'Pulse', 90, '2020-06-13 11:14:23'),
(3073, 'Potentio', 12, '2020-06-13 11:14:25'),
(3074, 'Potentio', 10, '2020-06-13 11:14:25'),
(3075, 'Potentio', 11, '2020-06-13 11:14:27'),
(3076, 'Potentio', 8, '2020-06-13 11:14:28'),
(3077, 'Potentio', 11, '2020-06-13 11:14:30'),
(3078, 'Temp', 15, '2020-06-13 11:14:30'),
(3079, 'Potentio', 9, '2020-06-13 11:14:30'),
(3080, 'Potentio', 8, '2020-06-13 11:14:30'),
(3081, 'Potentio', 12, '2020-06-13 11:14:31'),
(3082, 'Potentio', 8, '2020-06-13 11:14:31'),
(3083, 'Potentio', 11, '2020-06-13 11:14:33'),
(3084, 'Temp', 16, '2020-06-13 11:14:33'),
(3085, 'Potentio', 9, '2020-06-13 11:14:34'),
(3086, 'Potentio', 8, '2020-06-13 11:14:34'),
(3087, 'Potentio', 10, '2020-06-13 11:14:34'),
(3088, 'Potentio', 8, '2020-06-13 11:14:34'),
(3089, 'Potentio', 11, '2020-06-13 11:14:37'),
(3090, 'Potentio', 8, '2020-06-13 11:14:37'),
(3091, 'Potentio', 11, '2020-06-13 11:14:39'),
(3092, 'Temp', 15, '2020-06-13 11:14:40'),
(3093, 'Temp', 16, '2020-06-13 11:14:43'),
(3094, 'Potentio', 10, '2020-06-13 11:14:44'),
(3095, 'Potentio', 8, '2020-06-13 11:14:45'),
(3096, 'Potentio', 11, '2020-06-13 11:14:45'),
(3097, 'Temp', 17, '2020-06-13 11:14:55'),
(3098, 'Potentio', 8, '2020-06-13 11:14:56'),
(3099, 'Potentio', 11, '2020-06-13 11:14:58'),
(3100, 'Temp', 16, '2020-06-13 11:14:59'),
(3101, 'Potentio', 8, '2020-06-13 11:14:59'),
(3102, 'Potentio', 11, '2020-06-13 11:15:01'),
(3103, 'Temp', 17, '2020-06-13 11:15:11'),
(3104, 'Pulse', 47, '2020-06-13 11:15:11'),
(3105, 'Potentio', 12, '2020-06-13 11:15:13'),
(3108, 'Potentio', 12, '2020-06-13 11:18:08'),
(3109, 'Potentio', 9, '2020-06-13 11:18:08'),
(3110, 'Temp', 17, '2020-06-13 11:18:09'),
(3111, 'Potentio', 11, '2020-06-13 11:18:12'),
(3112, 'Temp', 16, '2020-06-13 11:18:13'),
(3113, 'Potentio', 8, '2020-06-13 11:18:14'),
(3114, 'Potentio', 11, '2020-06-13 11:18:15'),
(3115, 'Potentio', 9, '2020-06-13 11:18:15'),
(3116, 'Potentio', 8, '2020-06-13 11:18:15'),
(3117, 'Temp', 17, '2020-06-13 11:18:17'),
(3118, 'Potentio', 10, '2020-06-13 11:18:18'),
(3119, 'Potentio', 11, '2020-06-13 11:18:20'),
(3120, 'Potentio', 8, '2020-06-13 11:18:20'),
(3121, 'Temp', 15, '2020-06-13 11:18:20'),
(3122, 'Potentio', 9, '2020-06-13 11:18:20'),
(3123, 'Potentio', 8, '2020-06-13 11:18:21'),
(3124, 'Potentio', 11, '2020-06-13 11:18:23'),
(3125, 'Potentio', 8, '2020-06-13 11:18:23'),
(3126, 'Pulse', 65, '2020-06-13 11:18:23'),
(3127, 'Potentio', 12, '2020-06-13 11:18:25'),
(3128, 'Temp', 16, '2020-06-13 11:18:27'),
(3129, 'Potentio', 11, '2020-06-13 11:18:27'),
(3130, 'Potentio', 8, '2020-06-13 11:18:28'),
(3131, 'Potentio', 11, '2020-06-13 11:18:30'),
(3132, 'Potentio', 8, '2020-06-13 11:18:30'),
(3133, 'Potentio', 30, '2020-06-13 11:53:16'),
(3134, 'Potentio', 29, '2020-06-13 11:53:17'),
(3135, 'Temp', 17, '2020-06-13 11:53:17'),
(3136, 'Pulse', 236, '2020-06-13 11:53:19'),
(3137, 'Temp', 16, '2020-06-13 11:53:21'),
(3138, 'Potentio', 30, '2020-06-13 11:53:21'),
(3139, 'Pulse', 40, '2020-06-13 11:53:32'),
(3140, 'Temp', 15, '2020-06-13 11:53:33'),
(3141, 'Temp', 16, '2020-06-13 11:53:36'),
(3142, 'Potentio', 29, '2020-06-13 11:53:38'),
(3143, 'Pulse', 95, '2020-06-13 11:53:39'),
(3144, 'Temp', 17, '2020-06-13 11:53:46'),
(3145, 'Temp', 16, '2020-06-13 11:53:51'),
(3146, 'Pulse', 56, '2020-06-13 11:53:52'),
(3147, 'Potentio', 41, '2020-06-13 11:54:02'),
(3148, 'Potentio', 38, '2020-06-13 11:54:02'),
(3149, 'Potentio', 58, '2020-06-13 11:54:02'),
(3150, 'Potentio', 59, '2020-06-13 11:54:02'),
(3151, 'Potentio', 58, '2020-06-13 11:54:08'),
(3152, 'Temp', 17, '2020-06-13 11:54:08'),
(3153, 'Potentio', 54, '2020-06-13 11:54:08'),
(3154, 'Potentio', 55, '2020-06-13 11:54:08'),
(3155, 'Potentio', 58, '2020-06-13 11:54:09'),
(3156, 'Potentio', 54, '2020-06-13 11:54:09'),
(3157, 'Potentio', 67, '2020-06-13 11:54:09'),
(3158, 'Temp', 16, '2020-06-13 11:54:11'),
(3159, 'Potentio', 68, '2020-06-13 11:54:14'),
(3160, 'Potentio', 67, '2020-06-13 11:54:15'),
(3161, 'Pulse', 40, '2020-06-13 11:54:16'),
(3162, 'Pulse', 36, '2020-06-13 11:54:24'),
(3163, 'Potentio', 68, '2020-06-13 11:54:26'),
(3164, 'Potentio', 67, '2020-06-13 11:54:28'),
(3165, 'Potentio', 68, '2020-06-13 11:54:44'),
(3166, 'Potentio', 67, '2020-06-13 11:54:44'),
(3167, 'Temp', 17, '2020-06-13 11:54:44'),
(3168, 'Pulse', 72, '2020-06-13 11:54:47'),
(3169, 'Temp', 16, '2020-06-13 11:54:48'),
(3170, 'Potentio', 67, '2020-06-13 12:01:51'),
(3171, 'Temp', 17, '2020-06-13 12:01:52'),
(3172, 'Potentio', 68, '2020-06-13 12:01:53'),
(3173, 'Potentio', 67, '2020-06-13 12:01:54'),
(3174, 'Potentio', 68, '2020-06-13 12:01:58'),
(3175, 'Potentio', 67, '2020-06-13 12:01:59'),
(3176, 'Pulse', 69, '2020-06-13 12:01:59'),
(3177, 'Temp', 16, '2020-06-13 12:02:00'),
(3178, 'Potentio', 68, '2020-06-13 12:02:01'),
(3179, 'Potentio', 67, '2020-06-13 12:02:01'),
(3180, 'Potentio', 68, '2020-06-13 12:02:10'),
(3181, 'Potentio', 67, '2020-06-13 12:02:10'),
(3182, 'Potentio', 68, '2020-06-13 12:02:16'),
(3183, 'Potentio', 67, '2020-06-13 12:02:16'),
(3184, 'Potentio', 67, '2020-06-13 12:03:36'),
(3185, 'Potentio', 68, '2020-06-13 12:03:36'),
(3186, 'Potentio', 67, '2020-06-13 12:03:37'),
(3187, 'Temp', 16, '2020-06-13 12:03:37'),
(3188, 'Potentio', 68, '2020-06-13 12:03:43'),
(3189, 'Potentio', 67, '2020-06-13 12:03:44'),
(3190, 'Pulse', 85, '2020-06-13 12:03:45'),
(3191, 'Potentio', 68, '2020-06-13 12:03:47'),
(3192, 'Potentio', 67, '2020-06-13 12:03:50'),
(3193, 'Potentio', 68, '2020-06-13 12:03:53'),
(3194, 'Potentio', 67, '2020-06-13 12:03:53'),
(3195, 'Potentio', 68, '2020-06-13 12:03:56'),
(3196, 'Temp', 17, '2020-06-13 12:03:57'),
(3197, 'Potentio', 67, '2020-06-13 12:03:59'),
(3198, 'Potentio', 68, '2020-06-13 12:04:02'),
(3199, 'Potentio', 67, '2020-06-13 12:04:02'),
(3200, 'Potentio', 68, '2020-06-13 12:04:04'),
(3201, 'Potentio', 67, '2020-06-13 12:04:05'),
(3202, 'Temp', 16, '2020-06-13 12:04:06'),
(3203, 'Potentio', 68, '2020-06-13 12:04:09'),
(3204, 'Potentio', 67, '2020-06-13 12:05:07'),
(3205, 'Temp', 16, '2020-06-13 12:05:08'),
(3206, 'Temp', 17, '2020-06-13 12:05:17'),
(3207, 'Pulse', 79, '2020-06-13 12:05:17'),
(3208, 'Temp', 16, '2020-06-13 12:05:20'),
(3209, 'Potentio', 92, '2020-06-13 12:05:31'),
(3210, 'Pulse', 36, '2020-06-13 12:05:31'),
(3211, 'Potentio', 100, '2020-06-13 12:05:32'),
(3212, 'Potentio', 90, '2020-06-13 12:05:34'),
(3213, 'Potentio', 1, '2020-06-13 12:05:35'),
(3214, 'Potentio', 58, '2020-06-13 12:05:38'),
(3215, 'Potentio', 75, '2020-06-13 12:05:39'),
(3216, 'Potentio', 88, '2020-06-13 12:05:40'),
(3217, 'Potentio', 100, '2020-06-13 12:05:40'),
(3218, 'Temp', 17, '2020-06-13 12:05:48'),
(3219, 'Temp', 16, '2020-06-13 12:05:52'),
(3220, 'Potentio', 100, '2020-06-13 12:09:14'),
(3221, 'Temp', 16, '2020-06-13 12:09:15'),
(3222, 'Pulse', 96, '2020-06-13 12:09:25'),
(3223, 'Temp', 17, '2020-06-13 12:09:31'),
(3224, 'Temp', 16, '2020-06-13 12:09:36'),
(3225, 'Temp', 17, '2020-06-13 12:09:40'),
(3226, 'Pulse', 45, '2020-06-13 12:09:44'),
(3227, 'Temp', 16, '2020-06-13 12:09:44'),
(3228, 'Temp', 17, '2020-06-13 12:09:50'),
(3229, 'Temp', 16, '2020-06-13 12:09:54'),
(3230, 'Temp', 17, '2020-06-13 12:10:18'),
(3231, 'Temp', 16, '2020-06-13 12:10:21'),
(3232, 'Temp', 17, '2020-06-13 12:10:25'),
(3233, 'Temp', 16, '2020-06-13 12:10:28'),
(3234, 'Pulse', 46, '2020-06-13 12:10:54'),
(3235, 'Temp', 17, '2020-06-13 12:11:30'),
(3236, 'Pulse', 63, '2020-06-13 12:11:34'),
(3237, 'Temp', 16, '2020-06-13 12:11:34'),
(3238, 'Temp', 15, '2020-06-13 12:11:40'),
(3239, 'Temp', 16, '2020-06-13 12:11:45'),
(3240, 'Temp', 17, '2020-06-13 12:11:50'),
(3241, 'Temp', 16, '2020-06-13 12:11:55'),
(3242, 'Temp', 17, '2020-06-13 12:12:05'),
(3243, 'Potentio', 100, '2020-06-13 12:13:02'),
(3244, 'Temp', 16, '2020-06-13 12:13:03'),
(3245, 'Temp', 17, '2020-06-13 12:13:09'),
(3246, 'Temp', 16, '2020-06-13 12:13:12'),
(3247, 'Pulse', 65, '2020-06-13 12:13:12'),
(3248, 'Pulse', 64, '2020-06-13 12:13:18'),
(3249, 'Pulse', 47, '2020-06-13 12:13:33'),
(3250, 'Potentio', 100, '2020-06-13 12:15:38'),
(3251, 'Temp', 6, '2020-06-13 12:15:39'),
(3252, 'Potentio', 100, '2020-06-13 12:16:02'),
(3253, 'Temp', 21, '2020-06-13 12:16:03'),
(3254, 'Potentio', 100, '2020-06-13 12:16:27'),
(3255, 'Temp', 22, '2020-06-13 12:16:28'),
(3256, 'Potentio', 100, '2020-06-13 13:01:56'),
(3257, 'Temp', 22, '2020-06-13 13:01:57'),
(3258, 'Pulse', 41, '2020-06-13 13:02:06'),
(3259, 'Pulse', 93, '2020-06-13 13:02:14'),
(3260, 'Potentio', 100, '2020-06-13 13:04:33'),
(3261, 'Temp', 22, '2020-06-13 13:04:34'),
(3262, 'Pulse', 54, '2020-06-13 13:04:44'),
(3263, 'Potentio', 100, '2020-06-13 13:08:06'),
(3264, 'Temp', 22, '2020-06-13 13:08:07'),
(3265, 'Pulse', 34, '2020-06-13 13:08:15'),
(3266, 'Pulse', 136, '2020-06-13 13:08:21'),
(3267, 'Potentio', 100, '2020-06-13 13:11:32'),
(3268, 'Temp', 22, '2020-06-13 13:11:33'),
(3269, 'Pulse', 53, '2020-06-13 13:11:51'),
(3270, 'Potentio', 100, '2020-06-13 13:13:37'),
(3271, 'Temp', 22, '2020-06-13 13:13:38'),
(3272, 'Potentio', 100, '2020-06-13 13:14:52'),
(3273, 'Temp', 22, '2020-06-13 13:14:53'),
(3274, 'Potentio', 100, '2020-06-13 13:16:26'),
(3275, 'Temp', 22, '2020-06-13 13:16:27'),
(3276, 'Pulse', 56, '2020-06-13 13:16:41'),
(3277, 'Pulse', 82, '2020-06-13 13:17:11'),
(3278, 'Pulse', 40, '2020-06-13 13:17:20'),
(3279, 'Pulse', 124, '2020-06-13 13:17:40'),
(3280, 'Potentio', 100, '2020-06-13 14:21:42'),
(3281, 'Temp', 22, '2020-06-13 14:21:43'),
(3282, 'Pulse', 61, '2020-06-13 14:21:50'),
(3283, 'Pulse', 89, '2020-06-13 14:22:09'),
(3284, 'Potentio', 100, '2020-06-13 14:23:32'),
(3285, 'Temp', 22, '2020-06-13 14:23:33'),
(3286, 'Pulse', 87, '2020-06-13 14:23:50'),
(3287, 'Potentio', 100, '2020-06-13 14:27:27'),
(3288, 'Temp', 22, '2020-06-13 14:27:28'),
(3289, 'Pulse', 33, '2020-06-13 14:27:42'),
(3290, 'Pulse', 91, '2020-06-13 14:27:50'),
(3291, 'Pulse', 54, '2020-06-13 14:27:55'),
(3292, 'Pulse', 35, '2020-06-13 14:28:06'),
(3293, 'Pulse', 34, '2020-06-13 14:28:19'),
(3294, 'Pulse', 80, '2020-06-13 14:28:24'),
(3295, 'Potentio', 99, '2020-06-13 14:28:35'),
(3296, 'Potentio', 100, '2020-06-13 14:28:38'),
(3297, 'Potentio', 99, '2020-06-13 14:29:43'),
(3298, 'Temp', 22, '2020-06-13 14:29:44'),
(3299, 'Potentio', 100, '2020-06-13 14:29:48'),
(3300, 'Pulse', 84, '2020-06-13 14:29:56'),
(3301, 'Potentio', 99, '2020-06-13 14:29:56'),
(3302, 'Potentio', 100, '2020-06-13 14:29:59'),
(3303, 'Potentio', 99, '2020-06-13 14:30:26'),
(3304, 'Potentio', 100, '2020-06-13 14:30:28'),
(3305, 'Potentio', 99, '2020-06-13 14:30:31'),
(3306, 'Potentio', 100, '2020-06-13 14:30:36'),
(3307, 'Pulse', 30, '2020-06-13 14:30:42'),
(3308, 'Potentio', 99, '2020-06-13 14:30:43'),
(3309, 'Potentio', 100, '2020-06-13 14:30:46'),
(3310, 'Potentio', 99, '2020-06-13 14:30:49'),
(3311, 'Potentio', 100, '2020-06-13 14:30:53'),
(3312, 'Potentio', 99, '2020-06-13 14:30:55'),
(3313, 'Potentio', 100, '2020-06-13 14:30:58'),
(3314, 'Potentio', 99, '2020-06-13 14:30:58'),
(3315, 'Potentio', 100, '2020-06-13 14:31:00'),
(3316, 'Potentio', 99, '2020-06-13 14:31:04'),
(3317, 'Potentio', 100, '2020-06-13 14:31:10'),
(3318, 'Potentio', 99, '2020-06-13 14:31:41'),
(3319, 'Potentio', 100, '2020-06-13 14:31:45'),
(3320, 'Potentio', 99, '2020-06-13 14:31:51'),
(3321, 'Potentio', 100, '2020-06-13 14:31:52'),
(3322, 'Pulse', 45, '2020-06-13 14:31:54'),
(3323, 'Pulse', 77, '2020-06-13 14:32:11'),
(3324, 'Potentio', 99, '2020-06-13 14:32:14'),
(3325, 'Potentio', 100, '2020-06-13 14:32:15'),
(3326, 'Pulse', 41, '2020-06-13 14:32:23'),
(3327, 'Potentio', 99, '2020-06-13 14:32:36'),
(3328, 'Potentio', 100, '2020-06-13 14:32:37'),
(3329, 'Potentio', 99, '2020-06-13 14:32:53'),
(3330, 'Potentio', 100, '2020-06-13 14:32:56'),
(3331, 'Potentio', 99, '2020-06-13 14:32:58'),
(3332, 'Potentio', 100, '2020-06-13 14:33:01'),
(3333, 'Potentio', 99, '2020-06-13 14:33:02'),
(3334, 'Potentio', 100, '2020-06-13 14:33:06'),
(3335, 'Potentio', 99, '2020-06-13 14:33:22'),
(3336, 'Potentio', 100, '2020-06-13 14:33:23'),
(3337, 'Potentio', 88, '2020-06-13 14:33:27'),
(3338, 'Potentio', 32, '2020-06-13 14:33:30'),
(3339, 'Potentio', 61, '2020-06-13 14:33:34'),
(3340, 'Potentio', 100, '2020-06-13 14:33:37'),
(3341, 'Pulse', 42, '2020-06-13 14:33:42'),
(3342, 'Pulse', 47, '2020-06-13 14:33:55'),
(3343, 'Potentio', 100, '2020-06-13 14:36:01'),
(3344, 'Temp', 22, '2020-06-13 14:36:02'),
(3345, 'Pulse', 54, '2020-06-13 14:36:11'),
(3346, 'Pulse', 118, '2020-06-13 14:36:16'),
(3347, 'Pulse', 33, '2020-06-13 14:36:28'),
(3348, 'Potentio', 70, '2020-06-13 14:36:29'),
(3349, 'Potentio', 78, '2020-06-13 14:36:32'),
(3350, 'Pulse', 41, '2020-06-13 14:36:34'),
(3351, 'Potentio', 77, '2020-06-13 14:36:37'),
(3352, 'Potentio', 76, '2020-06-13 14:36:40'),
(3353, 'Potentio', 78, '2020-06-13 14:36:45'),
(3354, 'Potentio', 71, '2020-06-13 14:38:50'),
(3355, 'Temp', 22, '2020-06-13 14:38:51'),
(3356, 'Potentio', 69, '2020-06-13 14:38:51'),
(3357, 'Potentio', 73, '2020-06-13 14:38:55'),
(3358, 'Potentio', 70, '2020-06-13 14:38:55'),
(3359, 'Potentio', 73, '2020-06-13 14:38:58'),
(3360, 'Pulse', 58, '2020-06-13 14:38:58'),
(3361, 'Potentio', 72, '2020-06-13 14:39:01'),
(3362, 'Potentio', 71, '2020-06-13 14:39:05'),
(3363, 'Potentio', 70, '2020-06-13 14:39:05'),
(3364, 'Potentio', 73, '2020-06-13 14:39:05'),
(3365, 'Potentio', 74, '2020-06-13 14:39:08'),
(3366, 'Pulse', 46, '2020-06-13 14:39:09'),
(3367, 'Potentio', 72, '2020-06-13 14:39:13'),
(3368, 'Potentio', 73, '2020-06-13 14:39:17'),
(3369, 'Potentio', 68, '2020-06-13 14:39:17'),
(3370, 'Potentio', 72, '2020-06-13 14:39:19'),
(3371, 'Potentio', 73, '2020-06-13 14:39:24'),
(3372, 'Potentio', 72, '2020-06-13 14:39:27'),
(3373, 'Potentio', 70, '2020-06-13 14:40:50'),
(3374, 'Potentio', 71, '2020-06-13 14:40:50'),
(3375, 'Potentio', 70, '2020-06-13 14:40:50'),
(3376, 'Temp', 22, '2020-06-13 14:40:51'),
(3377, 'Potentio', 73, '2020-06-13 14:40:53'),
(3378, 'Potentio', 71, '2020-06-13 14:41:33'),
(3379, 'Temp', 22, '2020-06-13 14:41:34'),
(3380, 'Potentio', 66, '2020-06-13 14:42:58'),
(3381, 'Potentio', 65, '2020-06-13 14:42:58'),
(3382, 'Temp', 22, '2020-06-13 14:42:59'),
(3383, 'Potentio', 69, '2020-06-13 14:43:00'),
(3384, 'Potentio', 67, '2020-06-13 14:43:02'),
(3385, 'Potentio', 69, '2020-06-13 14:43:02'),
(3386, 'Potentio', 68, '2020-06-13 14:43:03'),
(3387, 'Potentio', 79, '2020-06-13 14:43:03'),
(3388, 'Potentio', 73, '2020-06-13 14:43:03'),
(3389, 'Pulse', 57, '2020-06-13 14:43:06'),
(3390, 'Potentio', 79, '2020-06-13 14:43:07'),
(3391, 'Potentio', 80, '2020-06-13 14:43:09'),
(3392, 'Potentio', 79, '2020-06-13 14:43:10'),
(3393, 'Potentio', 79, '2020-06-13 14:45:57'),
(3394, 'Temp', 16, '2020-06-13 14:45:58'),
(3395, 'Potentio', 79, '2020-06-13 14:46:23'),
(3396, 'Temp', 26, '2020-06-13 14:46:24'),
(3397, 'Potentio', 70, '2020-06-13 14:46:28'),
(3398, 'Potentio', 69, '2020-06-13 14:46:31'),
(3399, 'Potentio', 70, '2020-06-13 14:46:33'),
(3400, 'Potentio', 79, '2020-06-13 14:46:35'),
(3401, 'Temp', 27, '2020-06-13 14:46:36'),
(3402, 'Potentio', 80, '2020-06-13 14:46:37'),
(3403, 'Pulse', 70, '2020-06-13 14:46:38'),
(3404, 'Temp', 26, '2020-06-13 14:46:42'),
(3405, 'Potentio', 78, '2020-06-13 14:46:43'),
(3406, 'Potentio', 79, '2020-06-13 14:46:44'),
(3407, 'Temp', 27, '2020-06-13 14:46:46'),
(3408, 'Potentio', 80, '2020-06-13 14:46:47'),
(3409, 'Potentio', 68, '2020-06-13 14:46:47'),
(3410, 'Potentio', 78, '2020-06-13 14:46:47'),
(3411, 'Pulse', 122, '2020-06-13 14:46:50'),
(3412, 'Potentio', 79, '2020-06-13 14:46:50'),
(3413, 'Temp', 26, '2020-06-13 14:46:50'),
(3414, 'Potentio', 78, '2020-06-13 14:46:50'),
(3415, 'Potentio', 79, '2020-06-13 14:46:52'),
(3416, 'Potentio', 78, '2020-06-13 14:46:53'),
(3417, 'Potentio', 79, '2020-06-13 14:46:55'),
(3418, 'Potentio', 78, '2020-06-13 14:46:55'),
(3419, 'Temp', 27, '2020-06-13 14:46:56'),
(3420, 'Potentio', 79, '2020-06-13 14:46:58'),
(3421, 'Potentio', 67, '2020-06-13 14:47:03'),
(3422, 'Potentio', 78, '2020-06-13 14:47:04'),
(3423, 'Potentio', 59, '2020-06-13 14:47:05'),
(3424, 'Potentio', 69, '2020-06-13 14:47:07'),
(3425, 'Potentio', 79, '2020-06-13 14:47:09'),
(3426, 'Temp', 26, '2020-06-13 14:47:09'),
(3427, 'Temp', 27, '2020-06-13 14:47:13'),
(3428, 'Potentio', 79, '2020-06-13 14:47:58'),
(3429, 'Temp', 27, '2020-06-13 14:47:59'),
(3430, 'Potentio', 71, '2020-06-13 14:48:06'),
(3431, 'Potentio', 69, '2020-06-13 14:48:06'),
(3432, 'Potentio', 71, '2020-06-13 14:48:08'),
(3433, 'Potentio', 70, '2020-06-13 14:48:24'),
(3434, 'Potentio', 68, '2020-06-13 14:48:25'),
(3435, 'Potentio', 70, '2020-06-13 14:48:27'),
(3436, 'Potentio', 68, '2020-06-13 14:48:27'),
(3437, 'Potentio', 71, '2020-06-13 14:48:29'),
(3438, 'Temp', 26, '2020-06-13 14:48:30'),
(3439, 'Potentio', 72, '2020-06-13 14:48:33'),
(3440, 'Potentio', 66, '2020-06-13 14:48:33'),
(3441, 'Potentio', 65, '2020-06-13 14:48:33'),
(3442, 'Potentio', 77, '2020-06-13 14:48:34'),
(3443, 'Potentio', 68, '2020-06-13 14:48:36'),
(3444, 'Temp', 27, '2020-06-13 14:48:37'),
(3445, 'Potentio', 79, '2020-06-13 14:48:39'),
(3446, 'Potentio', 69, '2020-06-13 14:48:40'),
(3447, 'Potentio', 70, '2020-06-13 14:48:42'),
(3448, 'Potentio', 71, '2020-06-13 14:48:43'),
(3449, 'Potentio', 79, '2020-06-13 14:48:45'),
(3450, 'Temp', 26, '2020-06-13 14:48:45'),
(3451, 'Potentio', 77, '2020-06-13 14:48:47'),
(3452, 'Temp', 27, '2020-06-13 14:48:50'),
(3453, 'Potentio', 76, '2020-06-13 14:48:52'),
(3454, 'Potentio', 74, '2020-06-13 14:48:52'),
(3455, 'Potentio', 73, '2020-06-13 14:48:52'),
(3456, 'Potentio', 72, '2020-06-13 14:48:53'),
(3457, 'Potentio', 69, '2020-06-13 14:49:21'),
(3458, 'Potentio', 66, '2020-06-13 14:49:22'),
(3459, 'Temp', 27, '2020-06-13 14:49:22'),
(3460, 'Potentio', 65, '2020-06-13 14:49:24'),
(3461, 'Potentio', 64, '2020-06-13 14:49:24'),
(3462, 'Temp', 25, '2020-06-13 14:49:25'),
(3463, 'Potentio', 66, '2020-06-13 14:49:28'),
(3464, 'Potentio', 64, '2020-06-13 14:49:29'),
(3465, 'Potentio', 67, '2020-06-13 14:49:31'),
(3466, 'Potentio', 100, '2020-06-13 14:49:34'),
(3467, 'Temp', 26, '2020-06-13 14:49:34'),
(3468, 'Pulse', 84, '2020-06-13 14:49:40'),
(3469, 'Temp', 27, '2020-06-13 14:49:47'),
(3470, 'Pulse', 160, '2020-06-13 14:49:56'),
(3471, 'Potentio', 69, '2020-06-13 14:49:58'),
(3472, 'Pulse', 46, '2020-06-13 14:50:02'),
(3473, 'Pulse', 76, '2020-06-13 14:50:12'),
(3474, 'Potentio', 100, '2020-06-13 14:50:15'),
(3475, 'Potentio', 63, '2020-06-13 14:50:18'),
(3476, 'Potentio', 31, '2020-06-13 14:50:19'),
(3477, 'Potentio', 46, '2020-06-13 14:50:19'),
(3478, 'Temp', 26, '2020-06-13 14:50:20'),
(3479, 'Potentio', 47, '2020-06-13 14:50:22'),
(3480, 'Temp', 27, '2020-06-13 14:50:23'),
(3481, 'Potentio', 81, '2020-06-13 14:50:31'),
(3482, 'Potentio', 100, '2020-06-13 14:50:31'),
(3483, 'Temp', 26, '2020-06-13 14:50:44'),
(3484, 'Temp', 27, '2020-06-13 14:50:47'),
(3485, 'Pulse', 75, '2020-06-13 14:51:08'),
(3486, 'Temp', 26, '2020-06-13 14:51:08'),
(3487, 'Temp', 27, '2020-06-13 14:51:13'),
(3488, 'Temp', 26, '2020-06-13 14:51:23'),
(3489, 'Temp', 27, '2020-06-13 14:51:27'),
(3490, 'Pulse', 48, '2020-06-13 14:51:33'),
(3491, 'Temp', 26, '2020-06-13 14:51:33'),
(3492, 'Temp', 27, '2020-06-13 14:51:38'),
(3493, 'Pulse', 43, '2020-06-13 14:51:39'),
(3494, 'Temp', 26, '2020-06-13 14:51:42'),
(3495, 'Temp', 27, '2020-06-13 14:51:46'),
(3496, 'Pulse', 93, '2020-06-13 14:52:04'),
(3497, 'Temp', 26, '2020-06-13 14:52:04'),
(3498, 'Temp', 27, '2020-06-13 14:52:09'),
(3499, 'Temp', 28, '2020-06-13 14:52:57'),
(3500, 'Pulse', 48, '2020-06-13 14:53:00'),
(3501, 'Temp', 27, '2020-06-13 14:53:01'),
(3502, 'Temp', 26, '2020-06-13 14:53:12'),
(3503, 'Temp', 27, '2020-06-13 14:53:15'),
(3504, 'Temp', 26, '2020-06-13 14:53:22'),
(3505, 'Temp', 27, '2020-06-13 14:53:25'),
(3506, 'Temp', 26, '2020-06-13 14:53:30'),
(3507, 'Temp', 27, '2020-06-13 14:53:34'),
(3508, 'Potentio', 63, '2020-06-13 18:28:39'),
(3509, 'Potentio', 71, '2020-06-13 18:28:40'),
(3510, 'Temp', 35, '2020-06-13 18:28:40'),
(3511, 'Pulse', 26, '2020-06-13 18:28:44'),
(3512, 'Potentio', 44, '2020-06-13 18:28:44'),
(3513, 'Temp', 34, '2020-06-13 18:28:47'),
(3514, 'Potentio', 35, '2020-06-13 18:28:57'),
(3515, 'Temp', 35, '2020-06-13 18:29:06'),
(3516, 'Potentio', 35, '2020-06-13 18:30:26'),
(3517, 'Temp', 35, '2020-06-13 18:30:27'),
(3518, 'Potentio', 23, '2020-06-13 18:30:33'),
(3519, 'Potentio', 15, '2020-06-13 18:30:35'),
(3520, 'Temp', 34, '2020-06-13 18:30:38'),
(3521, 'Potentio', 49, '2020-06-13 18:30:40'),
(3522, 'Pulse', 45, '2020-06-13 18:30:44'),
(3523, 'Temp', 35, '2020-06-13 18:30:45'),
(3524, 'Temp', 34, '2020-06-13 18:30:53'),
(3525, 'Pulse', 79, '2020-06-13 18:30:56'),
(3526, 'Temp', 35, '2020-06-13 18:30:59'),
(3527, 'Temp', 34, '2020-06-13 18:31:06'),
(3528, 'Pulse', 55, '2020-06-13 18:31:08'),
(3529, 'Potentio', 67, '2020-06-13 18:31:11'),
(3530, 'Temp', 33, '2020-06-13 18:31:13'),
(3531, 'Potentio', 87, '2020-06-13 18:31:15'),
(3532, 'Temp', 34, '2020-06-13 18:31:20'),
(3533, 'Potentio', 86, '2020-06-13 18:31:21'),
(3534, 'Temp', 33, '2020-06-13 18:31:24'),
(3535, 'Potentio', 86, '2020-06-13 18:32:26'),
(3536, 'Temp', 34, '2020-06-13 18:32:27'),
(3537, 'Temp', 33, '2020-06-13 18:32:35'),
(3538, 'Potentio', 92, '2020-06-13 18:32:45'),
(3539, 'Potentio', 100, '2020-06-13 18:32:45'),
(3540, 'Temp', 34, '2020-06-13 18:32:45'),
(3541, 'Pulse', 61, '2020-06-13 18:32:46'),
(3542, 'Temp', 32, '2020-06-13 18:32:49'),
(3543, 'Temp', 31, '2020-06-13 18:32:54'),
(3544, 'Potentio', 100, '2020-06-13 18:35:40'),
(3545, 'Temp', 32, '2020-06-13 18:35:41'),
(3546, 'Temp', 31, '2020-06-13 18:35:51'),
(3547, 'Potentio', 75, '2020-06-13 18:35:56'),
(3548, 'Temp', 33, '2020-06-13 18:35:56'),
(3549, 'Potentio', 85, '2020-06-13 18:35:57'),
(3550, 'Potentio', 100, '2020-06-13 18:35:58'),
(3551, 'Temp', 31, '2020-06-13 18:36:00'),
(3552, 'Temp', 32, '2020-06-13 18:36:08'),
(3553, 'Temp', 33, '2020-06-13 18:36:18'),
(3554, 'Potentio', 100, '2020-06-13 18:40:17'),
(3555, 'Temp', 33, '2020-06-13 18:40:18'),
(3556, 'Temp', 34, '2020-06-13 18:40:23'),
(3557, 'Temp', 32, '2020-06-13 18:40:27'),
(3558, 'Temp', 34, '2020-06-13 18:40:32'),
(3559, 'Temp', 33, '2020-06-13 18:40:37'),
(3560, 'Potentio', 100, '2020-06-13 18:44:52'),
(3561, 'Temp', 34, '2020-06-13 18:44:53'),
(3562, 'Pulse', 92, '2020-06-13 18:44:58'),
(3563, 'Temp', 32, '2020-06-13 18:45:00'),
(3564, 'Temp', 33, '2020-06-13 18:45:05'),
(3565, 'Potentio', 78, '2020-06-13 18:45:08'),
(3566, 'Potentio', 81, '2020-06-13 18:45:09'),
(3567, 'Potentio', 84, '2020-06-13 18:45:12'),
(3568, 'Potentio', 87, '2020-06-13 19:05:16'),
(3569, 'Temp', 34, '2020-06-13 19:05:17'),
(3570, 'Potentio', 90, '2020-06-13 19:05:18'),
(3571, 'Temp', 33, '2020-06-13 19:05:20'),
(3572, 'Potentio', 100, '2020-06-13 19:05:20'),
(3573, 'Pulse', 51, '2020-06-13 19:05:30'),
(3574, 'Potentio', 100, '2020-06-13 19:06:23'),
(3575, 'Temp', 34, '2020-06-13 19:06:24'),
(3576, 'Temp', 33, '2020-06-13 19:06:31'),
(3577, 'Potentio', 97, '2020-06-13 19:06:33'),
(3578, 'Pulse', 114, '2020-06-13 19:06:34'),
(3579, 'Potentio', 71, '2020-06-13 19:06:34'),
(3580, 'Potentio', 72, '2020-06-13 19:06:39'),
(3581, 'Temp', 34, '2020-06-13 19:06:40'),
(3582, 'Potentio', 71, '2020-06-13 19:06:40'),
(3583, 'Potentio', 72, '2020-06-13 19:06:43'),
(3584, 'Potentio', 73, '2020-06-13 19:06:45'),
(3585, 'Temp', 33, '2020-06-13 19:06:46'),
(3586, 'Potentio', 72, '2020-06-13 19:06:48'),
(3587, 'Potentio', 73, '2020-06-13 19:07:00'),
(3588, 'Potentio', 72, '2020-06-13 19:07:03'),
(3589, 'Potentio', 71, '2020-06-13 19:07:06'),
(3590, 'Temp', 32, '2020-06-13 19:07:09'),
(3591, 'Potentio', 71, '2020-06-13 19:08:29'),
(3592, 'Temp', 33, '2020-06-13 19:08:30'),
(3593, 'Temp', 32, '2020-06-13 19:08:36'),
(3594, 'Potentio', 70, '2020-06-13 19:08:40'),
(3595, 'Potentio', 96, '2020-06-13 19:08:43');
INSERT INTO `meetwaarden` (`Volgnummer`, `DeviceId`, `Waarde`, `Datum`) VALUES
(3596, 'Potentio', 100, '2020-06-13 19:08:44'),
(3597, 'Potentio', 81, '2020-06-13 19:08:57'),
(3598, 'Potentio', 82, '2020-06-13 19:08:57'),
(3599, 'Potentio', 81, '2020-06-13 19:08:58'),
(3600, 'Temp', 33, '2020-06-13 19:08:59'),
(3601, 'Pulse', 43, '2020-06-13 19:09:01'),
(3602, 'Temp', 32, '2020-06-13 19:09:03'),
(3603, 'Temp', 33, '2020-06-13 19:10:40'),
(3604, 'Temp', 32, '2020-06-13 19:10:49'),
(3605, 'Temp', 33, '2020-06-13 19:10:58'),
(3606, 'Potentio', 83, '2019-11-00 00:00:00'),
(3607, 'Potentio', 84, '2019-11-01 00:00:00'),
(3608, 'Potentio', 85, '2019-11-01 00:00:00'),
(3609, 'Pulse', 42, '2020-06-13 19:11:01'),
(3610, 'Potentio', 84, '2019-11-01 00:00:00'),
(3611, 'Potentio', 83, '2019-11-04 00:00:00'),
(3612, 'Temp', 32, '2020-06-13 19:11:04'),
(3613, 'Potentio', 100, '2019-11-06 00:00:00'),
(3614, 'Pulse', 56, '2020-06-13 19:11:09'),
(3615, 'Potentio', 62, '2019-11-22 00:00:00'),
(3616, 'Potentio', 63, '2019-11-23 00:00:00'),
(3617, 'Potentio', 62, '2019-11-25 00:00:00'),
(3618, 'Potentio', 63, '2019-11-25 00:00:00'),
(3619, 'Pulse', 57, '2020-06-13 19:11:29'),
(3620, 'Potentio', 62, '2019-11-30 00:00:00'),
(3621, 'Potentio', 63, '2019-11-30 00:00:00'),
(3622, 'Pulse', 40, '2020-06-13 19:11:37'),
(3623, 'Potentio', 91, '2019-12-06 00:00:00'),
(3624, 'Temp', 33, '2020-06-13 19:12:07'),
(3625, 'Temp', 32, '2020-06-13 19:12:10'),
(3626, 'Potentio', 90, '2019-12-10 00:00:00'),
(3627, 'Potentio', 91, '2019-12-10 00:00:00'),
(3628, 'Temp', 33, '2020-06-13 19:12:13'),
(3629, 'Potentio', 92, '2019-12-14 00:00:00'),
(3630, 'Potentio', 91, '2019-12-16 00:00:00'),
(3631, 'Temp', 32, '2020-06-13 19:12:18'),
(3632, 'Pulse', 43, '2020-06-13 19:12:19'),
(3633, 'Potentio', 91, '2020-06-13 19:55:47'),
(3634, 'Temp', 34, '2020-06-13 19:55:48'),
(3635, 'Temp', 33, '2020-06-13 19:55:55'),
(3636, 'Temp', 34, '2020-06-13 19:55:59'),
(3637, 'Temp', 32, '2020-06-13 19:56:02'),
(3638, 'Potentio', 82, '2020-06-13 19:56:03'),
(3639, 'Potentio', 100, '2020-06-13 19:56:06'),
(3640, 'Pulse', 79, '2020-06-13 19:56:08'),
(3641, 'Temp', 33, '2020-06-13 19:56:09'),
(3642, 'Temp', 32, '2020-06-13 19:56:12'),
(3643, 'Potentio', 100, '2020-06-13 20:01:58'),
(3644, 'Temp', 32, '2020-06-13 20:01:59'),
(3645, 'Temp', 31, '2020-06-13 20:02:07'),
(3646, 'Potentio', 87, '2020-06-13 20:02:40'),
(3647, 'Temp', 32, '2020-06-13 20:02:41'),
(3648, 'Potentio', 88, '2020-06-13 20:02:45'),
(3649, 'Temp', 33, '2020-06-13 20:02:45'),
(3650, 'Temp', 32, '2020-06-13 20:02:49'),
(3651, 'Pulse', 140, '2020-06-13 20:02:54'),
(3652, 'Potentio', 89, '2020-06-13 20:02:54'),
(3653, 'Potentio', 88, '2020-06-13 20:02:56'),
(3654, 'Pulse', 96, '2020-06-13 20:03:16'),
(3655, 'Potentio', 90, '2020-06-13 20:03:41'),
(3656, 'Temp', 33, '2020-06-13 20:03:42'),
(3657, 'Potentio', 88, '2020-06-13 20:03:45'),
(3658, 'Temp', 32, '2020-06-13 20:03:45'),
(3659, 'Potentio', 90, '2020-06-13 20:03:46'),
(3660, 'Potentio', 88, '2020-06-13 20:03:48'),
(3661, 'Pulse', 69, '2020-06-13 20:03:56'),
(3662, 'Temp', 33, '2020-06-13 20:03:57'),
(3663, 'Potentio', 90, '2020-06-13 20:03:58'),
(3664, 'Potentio', 88, '2020-06-13 20:03:59'),
(3665, 'Temp', 32, '2020-06-13 20:04:02'),
(3666, 'Potentio', 90, '2020-06-13 20:04:02'),
(3667, 'Potentio', 88, '2020-06-13 20:04:03'),
(3668, 'Potentio', 72, '2020-06-13 20:04:05'),
(3669, 'Potentio', 74, '2020-06-13 20:04:06'),
(3670, 'Temp', 33, '2020-06-13 20:04:06'),
(3671, 'Potentio', 72, '2020-06-13 20:04:08'),
(3672, 'Temp', 32, '2020-06-13 20:04:09'),
(3673, 'Potentio', 73, '2020-06-13 20:04:18'),
(3674, 'Potentio', 75, '2020-06-13 20:04:19'),
(3675, 'Temp', 33, '2020-06-13 20:04:19'),
(3676, 'Potentio', 73, '2020-06-13 20:04:21'),
(3677, 'Temp', 32, '2020-06-13 20:04:22'),
(3678, 'Potentio', 75, '2020-06-13 20:04:23'),
(3679, 'Potentio', 73, '2020-06-13 20:04:24'),
(3680, 'Potentio', 75, '2020-06-13 20:04:24'),
(3681, 'Pulse', 54, '2020-06-13 20:04:25'),
(3682, 'Potentio', 73, '2020-06-13 20:04:27'),
(3683, 'Temp', 33, '2020-06-13 20:04:27'),
(3684, 'Potentio', 75, '2020-06-13 20:04:28'),
(3685, 'Potentio', 73, '2020-06-13 20:04:30'),
(3686, 'Temp', 32, '2020-06-13 20:04:34'),
(3687, 'Potentio', 100, '2020-06-13 20:04:45'),
(3688, 'Potentio', 100, '2020-06-13 20:11:39'),
(3689, 'Temp', 34, '2020-06-13 20:11:40'),
(3690, 'Temp', 32, '2020-06-13 20:11:46'),
(3691, 'Temp', 33, '2020-06-13 20:11:50'),
(3692, 'Potentio', 99, '2020-06-13 20:11:53'),
(3693, 'Potentio', 90, '2020-06-13 20:11:56'),
(3694, 'Temp', 32, '2020-06-13 20:11:57'),
(3695, 'Temp', 33, '2020-06-13 20:12:02'),
(3696, 'Temp', 32, '2020-06-13 20:12:06'),
(3697, 'Pulse', 85, '2020-06-13 20:12:11'),
(3698, 'Temp', 33, '2020-06-13 20:12:15'),
(3699, 'Temp', 32, '2020-06-13 20:12:18'),
(3700, 'Temp', 33, '2020-06-13 20:12:25'),
(3701, 'Potentio', 89, '2020-06-13 20:13:25'),
(3702, 'Temp', 34, '2020-06-13 20:13:26'),
(3703, 'Potentio', 90, '2020-06-13 20:13:27'),
(3704, 'Potentio', 89, '2020-06-13 20:13:27'),
(3705, 'Temp', 32, '2020-06-13 20:13:30'),
(3706, 'Potentio', 90, '2020-06-13 20:13:31'),
(3707, 'Temp', 34, '2020-06-13 20:13:35'),
(3708, 'Temp', 32, '2020-06-13 20:13:38'),
(3709, 'Temp', 34, '2020-06-13 20:13:41'),
(3710, 'Temp', 32, '2020-06-13 20:13:44'),
(3711, 'Temp', 33, '2020-06-13 20:13:54'),
(3712, 'Temp', 34, '2020-06-13 20:13:57'),
(3713, 'Temp', 33, '2020-06-13 20:14:00'),
(3714, 'Temp', 32, '2020-06-13 20:14:07'),
(3715, 'Temp', 33, '2020-06-13 20:14:10'),
(3716, 'Potentio', 90, '2020-06-13 20:16:34'),
(3717, 'Temp', 34, '2020-06-13 20:16:35'),
(3718, 'Temp', 33, '2020-06-13 20:16:39'),
(3719, 'Temp', 34, '2020-06-13 20:16:42'),
(3720, 'Temp', 33, '2020-06-13 20:16:47'),
(3721, 'Temp', 34, '2020-06-13 20:16:55'),
(3722, 'Temp', 33, '2020-06-13 20:16:58'),
(3723, 'Temp', 34, '2020-06-13 20:17:03'),
(3724, 'Temp', 33, '2020-06-13 20:17:07'),
(3725, 'Potentio', 93, '2020-06-13 20:47:57'),
(3726, 'Temp', 31, '2020-06-13 20:47:58'),
(3727, 'Pulse', 90, '2020-06-13 20:48:13'),
(3728, 'Temp', 32, '2020-06-13 20:48:17'),
(3729, 'Potentio', 100, '2020-06-13 20:48:25'),
(3730, 'Temp', 31, '2020-06-13 20:48:27'),
(3731, 'Potentio', 99, '2020-06-13 20:48:27'),
(3732, 'Pulse', 85, '2020-06-13 20:48:28'),
(3733, 'Potentio', 100, '2020-06-13 20:48:33'),
(3734, 'Potentio', 99, '2020-06-13 20:48:35'),
(3735, 'Temp', 32, '2020-06-13 20:48:37'),
(3736, 'Temp', 31, '2020-06-13 20:48:42'),
(3737, 'Pulse', 47, '2020-06-13 20:48:44'),
(3738, 'Temp', 32, '2020-06-13 20:48:52'),
(3739, 'Temp', 31, '2020-06-13 20:48:55'),
(3740, 'Temp', 33, '2020-06-13 20:49:03'),
(3741, 'Temp', 31, '2020-06-13 20:49:10'),
(3742, 'Temp', 32, '2020-06-13 20:49:13'),
(3743, 'Temp', 33, '2020-06-13 20:49:18'),
(3744, 'Temp', 31, '2020-06-13 20:49:22'),
(3745, 'Temp', 32, '2020-06-13 20:49:27'),
(3746, 'Potentio', 99, '2020-06-13 20:50:19'),
(3747, 'Potentio', 99, '2020-06-13 20:50:32'),
(3748, 'Temp', 32, '2020-06-13 20:50:33'),
(3749, 'Temp', 33, '2020-06-13 20:50:39'),
(3751, 'Potentio', 99, '2020-06-13 20:51:53'),
(3752, 'Temp', 33, '2020-06-13 20:51:54'),
(3753, 'Temp', 32, '2020-06-13 20:51:58'),
(3754, 'Temp', 33, '2020-06-13 20:52:16'),
(3755, 'Temp', 32, '2020-06-13 20:52:19'),
(3756, 'Temp', 33, '2020-06-13 20:53:11'),
(3757, 'Temp', 32, '2020-06-13 20:53:16'),
(3758, 'Pulse', 83, '2020-06-13 20:53:31'),
(3759, 'Potentio', 100, '2020-06-13 20:53:41'),
(3760, 'Potentio', 97, '2020-06-13 20:53:41'),
(3761, 'Temp', 33, '2020-06-13 20:53:42'),
(3762, 'Potentio', 96, '2020-06-13 20:53:44'),
(3763, 'Temp', 32, '2020-06-13 20:53:48'),
(3764, 'Pulse', 50, '2020-06-13 20:53:50'),
(3765, 'Temp', 33, '2020-06-13 20:54:28'),
(3766, 'Temp', 32, '2020-06-13 20:54:34'),
(3767, 'Potentio', 96, '2020-06-13 20:56:25'),
(3768, 'Potentio', 97, '2020-06-13 20:56:25'),
(3769, 'Temp', 33, '2020-06-13 20:56:26'),
(3770, 'Potentio', 96, '2020-06-13 20:56:27'),
(3771, 'Potentio', 97, '2020-06-13 20:56:31'),
(3772, 'Potentio', 96, '2020-06-13 20:56:37'),
(3773, 'Potentio', 97, '2020-06-13 20:57:23'),
(3774, 'Temp', 23, '2020-06-13 20:57:24'),
(3775, 'Potentio', 96, '2020-06-13 20:57:25'),
(3776, 'Potentio', 97, '2020-06-13 20:57:28'),
(3777, 'Potentio', 97, '2020-06-13 20:57:39'),
(3778, 'Temp', 23, '2020-06-13 20:57:40'),
(3779, 'Potentio', 96, '2020-06-13 20:57:42'),
(3780, 'Potentio', 97, '2020-06-13 20:57:42'),
(3781, 'Potentio', 96, '2020-06-13 20:57:44'),
(3782, 'Potentio', 96, '2020-06-13 20:57:56'),
(3783, 'Potentio', 97, '2020-06-13 20:57:56'),
(3784, 'Temp', 22, '2020-06-13 20:57:57'),
(3786, 'Potentio', 96, '2020-06-13 20:58:11'),
(3787, 'Potentio', 97, '2020-06-13 20:58:12'),
(3788, 'Temp', -271, '2020-06-13 20:58:12'),
(3790, 'Potentio', 97, '2020-06-13 20:58:25'),
(3793, 'Potentio', 97, '2020-06-13 20:58:37'),
(3795, 'Potentio', 97, '2020-06-13 20:58:49'),
(3796, 'Potentio', 96, '2020-06-13 20:59:05'),
(3797, 'Potentio', 97, '2020-06-13 20:59:06'),
(3798, 'Temp', 23, '2020-06-13 20:59:06'),
(3799, 'Potentio', 97, '2020-06-13 21:22:13'),
(3800, 'Temp', 23, '2020-06-13 21:22:14'),
(3801, 'Potentio', 97, '2020-06-13 21:22:47'),
(3802, 'Temp', 23, '2020-06-13 21:22:48'),
(3803, 'Potentio', 97, '2020-06-13 21:24:20'),
(3804, 'Temp', 23, '2020-06-13 21:24:21'),
(3805, 'Potentio', 97, '2020-06-13 21:27:19'),
(3806, 'Temp', 23, '2020-06-13 21:27:20'),
(3807, 'Potentio', 97, '2020-06-13 21:28:21'),
(3808, 'Temp', 23, '2020-06-13 21:28:22'),
(3809, 'Potentio', 97, '2020-06-13 21:29:02'),
(3810, 'Temp', 23, '2020-06-13 21:29:03'),
(3811, 'Potentio', 97, '2020-06-13 21:30:57'),
(3812, 'Temp', 23, '2020-06-13 21:30:58'),
(3813, 'Potentio', 97, '2020-06-13 21:32:21'),
(3814, 'Temp', 23, '2020-06-13 21:32:22'),
(3815, 'Potentio', 97, '2020-06-13 21:34:27'),
(3816, 'Temp', 23, '2020-06-13 21:34:28'),
(3817, 'Potentio', 97, '2020-06-13 21:35:26'),
(3818, 'Temp', 23, '2020-06-13 21:35:27'),
(3819, 'Potentio', 97, '2020-06-13 21:36:21'),
(3820, 'Temp', 23, '2020-06-13 21:36:22'),
(3821, 'Pulse', 69, '2020-06-13 21:36:39'),
(3822, 'Potentio', 97, '2020-06-13 21:38:00'),
(3823, 'Temp', 23, '2020-06-13 21:38:01'),
(3824, 'Potentio', 97, '2020-06-13 21:40:20'),
(3825, 'Temp', 23, '2020-06-13 21:40:21'),
(3826, 'Temp', 24, '2020-06-13 21:41:48'),
(3827, 'Temp', 23, '2020-06-13 21:41:51'),
(3828, 'Temp', 24, '2020-06-13 21:41:55'),
(3829, 'Potentio', 98, '2020-06-13 21:42:15'),
(3830, 'Potentio', 97, '2020-06-13 21:42:16'),
(3831, 'Potentio', 98, '2020-06-13 21:42:16'),
(3832, 'Potentio', 97, '2020-06-13 21:42:17'),
(3833, 'Temp', 23, '2020-06-13 21:42:32'),
(3834, 'Temp', 24, '2020-06-13 21:42:35'),
(3835, 'Temp', 23, '2020-06-13 21:42:39'),
(3836, 'Temp', 24, '2020-06-13 21:42:42'),
(3837, 'Temp', 23, '2020-06-13 21:42:52'),
(3838, 'Temp', 24, '2020-06-13 21:42:56'),
(3839, 'Potentio', 97, '2020-06-13 21:50:55'),
(3840, 'Temp', 23, '2020-06-13 21:50:56'),
(3841, 'Temp', 24, '2020-06-13 21:51:03'),
(3842, 'Temp', 23, '2020-06-13 21:51:06'),
(3843, 'Potentio', 97, '2020-06-13 21:52:54'),
(3844, 'Temp', 23, '2020-06-13 21:52:55'),
(3845, 'Potentio', 97, '2020-06-13 21:53:20'),
(3846, 'Temp', 23, '2020-06-13 21:53:21'),
(3847, 'Potentio', 97, '2020-06-13 21:55:12'),
(3848, 'Temp', 23, '2020-06-13 21:55:13'),
(3849, 'Potentio', 97, '2020-06-13 21:56:55'),
(3850, 'Temp', 23, '2020-06-13 21:56:56'),
(3851, 'Potentio', 97, '2020-06-13 21:57:34'),
(3852, 'Temp', 23, '2020-06-13 21:57:35'),
(3853, 'Potentio', 97, '2020-06-13 21:59:26'),
(3854, 'Temp', 23, '2020-06-13 21:59:27'),
(3855, 'Potentio', 97, '2020-06-13 22:01:09'),
(3856, 'Temp', 23, '2020-06-13 22:01:10'),
(3857, 'Potentio', 97, '2020-06-13 22:04:14'),
(3858, 'Temp', 23, '2020-06-13 22:04:15'),
(3859, 'Potentio', 97, '2020-06-13 22:09:07'),
(3860, 'Temp', 23, '2020-06-13 22:09:08'),
(3861, 'Potentio', 97, '2020-06-13 22:10:23'),
(3862, 'Temp', 23, '2020-06-13 22:10:24'),
(3863, 'Potentio', 97, '2020-06-13 22:12:56'),
(3864, 'Temp', 23, '2020-06-13 22:12:57'),
(3865, 'Potentio', 98, '2020-06-13 22:31:57'),
(3866, 'Temp', 22, '2020-06-13 22:31:58'),
(3867, 'Potentio', 97, '2020-06-13 22:31:58'),
(3868, 'Potentio', 97, '2020-06-13 22:35:07'),
(3869, 'Temp', 22, '2020-06-13 22:35:08'),
(3870, 'Potentio', 97, '2020-06-13 22:40:06'),
(3871, 'Temp', 23, '2020-06-13 22:40:07'),
(3872, 'Temp', 24, '2020-06-13 22:40:17'),
(3873, 'Temp', 23, '2020-06-13 22:40:20'),
(3874, 'Potentio', 97, '2020-06-13 22:40:43'),
(3875, 'Temp', 23, '2020-06-13 22:40:44'),
(3876, 'Potentio', 97, '2020-06-13 22:41:24'),
(3877, 'Temp', 23, '2020-06-13 22:41:25'),
(3878, 'Potentio', 98, '2020-06-13 22:41:29'),
(3879, 'Potentio', 98, '2020-06-13 22:41:59'),
(3880, 'Temp', 23, '2020-06-13 22:42:00'),
(3881, 'Potentio', 97, '2020-06-13 22:42:01'),
(3882, 'Potentio', 98, '2020-06-13 22:42:14'),
(3883, 'Potentio', 97, '2020-06-13 22:42:14'),
(3884, 'Potentio', 98, '2020-06-13 22:45:20'),
(3885, 'Temp', 22, '2020-06-13 22:45:21'),
(3886, 'Potentio', 98, '2020-06-13 22:45:55'),
(3887, 'Temp', 22, '2020-06-13 22:45:56'),
(3888, 'Potentio', 98, '2020-06-13 22:51:31'),
(3889, 'Temp', 22, '2020-06-13 22:51:32'),
(3890, 'Potentio', 99, '2020-06-14 11:26:28'),
(3891, 'Potentio', 98, '2020-06-14 11:26:39'),
(3892, 'Potentio', 99, '2020-06-14 11:26:40'),
(3893, 'Potentio', 99, '2020-06-14 11:27:11'),
(3895, 'Potentio', 97, '2020-06-14 12:23:47'),
(3896, 'Potentio', 99, '2020-06-14 12:23:48'),
(3897, 'Potentio', 97, '2020-06-14 12:23:59'),
(3898, 'Potentio', 99, '2020-06-14 12:24:08'),
(3899, 'Potentio', 97, '2020-06-14 12:24:14'),
(3900, 'Potentio', 100, '2020-06-14 12:25:24'),
(3901, 'Potentio', 98, '2020-06-14 12:25:25'),
(3902, 'Potentio', 97, '2020-06-14 12:29:04'),
(3903, 'Potentio', 98, '2020-06-14 12:29:09'),
(3904, 'Potentio', 99, '2020-06-14 12:29:10'),
(3905, 'Potentio', 97, '2020-06-14 12:29:10'),
(3907, 'Potentio', 99, '2020-06-14 12:58:38'),
(3909, 'Potentio', 99, '2020-06-14 13:04:26'),
(3910, 'Potentio', 98, '2020-06-14 13:04:26'),
(3911, 'Potentio', 100, '2020-06-14 13:04:27'),
(3912, 'Potentio', 98, '2020-06-14 13:04:27'),
(3913, 'Potentio', 97, '2020-06-14 13:04:27'),
(3914, 'Potentio', 99, '2020-06-14 13:04:27'),
(3915, 'Potentio', 98, '2020-06-14 13:04:28'),
(3916, 'Potentio', 97, '2020-06-14 13:04:28'),
(3917, 'Potentio', 99, '2020-06-14 13:04:28'),
(3918, 'Potentio', 98, '2020-06-14 13:04:34'),
(3919, 'Potentio', 99, '2020-06-14 13:04:37'),
(3920, 'Potentio', 97, '2020-06-14 13:07:04'),
(3921, 'Potentio', 100, '2020-06-14 13:07:05'),
(3922, 'Potentio', 97, '2020-06-14 13:07:05'),
(3923, 'Potentio', 98, '2020-06-14 13:07:07'),
(3924, 'Potentio', 96, '2020-06-14 13:07:14'),
(3925, 'Potentio', 99, '2020-06-14 13:07:19'),
(3926, 'Potentio', 98, '2020-06-14 13:07:26'),
(3927, 'Potentio', 99, '2020-06-14 13:07:27'),
(3928, 'Potentio', 98, '2020-06-14 13:07:27'),
(3929, 'Potentio', 95, '2020-06-14 13:07:31'),
(3930, 'Potentio', 97, '2020-06-14 13:07:32'),
(3931, 'Potentio', 84, '2020-06-14 13:07:36'),
(3932, 'Potentio', 92, '2020-06-14 13:07:36'),
(3933, 'Potentio', 95, '2020-06-14 13:07:36'),
(3934, 'Potentio', 96, '2020-06-14 13:07:36'),
(3935, 'Potentio', 98, '2020-06-14 13:07:41'),
(3936, 'Potentio', 99, '2020-06-14 13:07:46'),
(3937, 'Temp', 22, '2020-06-14 13:07:47'),
(3938, 'Potentio', 100, '2020-06-14 13:07:55'),
(3939, 'Potentio', 99, '2020-06-14 13:07:58'),
(3940, 'Potentio', 98, '2020-06-14 13:08:08'),
(3941, 'Potentio', 99, '2020-06-14 13:08:10'),
(3942, 'Potentio', 97, '2020-06-14 13:08:15'),
(3943, 'Potentio', 99, '2020-06-14 13:08:28'),
(3944, 'Potentio', 97, '2020-06-14 13:08:35'),
(3945, 'Potentio', 100, '2020-06-14 13:08:35'),
(3946, 'Temp', 22, '2020-06-14 13:08:36'),
(3947, 'Potentio', 98, '2020-06-14 13:08:38'),
(3948, 'Potentio', 99, '2020-06-14 13:08:42'),
(3949, 'Potentio', 97, '2020-06-14 13:08:47'),
(3950, 'Potentio', 98, '2020-06-14 13:08:55'),
(3952, 'Potentio', 99, '2020-06-14 13:10:42'),
(3953, 'Potentio', 98, '2020-06-14 13:10:42'),
(3954, 'Temp', 22, '2020-06-14 13:10:43'),
(3955, 'Potentio', 99, '2020-06-14 13:10:48'),
(3956, 'Pulse', 48, '2020-06-14 13:10:49'),
(3957, 'Potentio', 97, '2020-06-14 13:10:51'),
(3958, 'Potentio', 99, '2020-06-14 13:10:57'),
(3959, 'Potentio', 98, '2020-06-14 13:10:59'),
(3960, 'Potentio', 99, '2020-06-14 13:11:01'),
(3961, 'Potentio', 97, '2020-06-14 13:11:03'),
(3962, 'Potentio', 99, '2020-06-14 13:11:06'),
(3963, 'Potentio', 98, '2020-06-14 13:11:12'),
(3964, 'Potentio', 96, '2020-06-14 13:11:14'),
(3965, 'Potentio', 97, '2020-06-14 13:11:21'),
(3966, 'Temp', 22, '2020-06-14 13:11:22'),
(3967, 'Potentio', 99, '2020-06-14 13:11:25'),
(3968, 'Potentio', 97, '2020-06-14 13:11:29'),
(3969, 'Potentio', 96, '2020-06-14 13:11:30'),
(3970, 'Potentio', 98, '2020-06-14 13:11:34'),
(3971, 'Potentio', 97, '2020-06-14 13:12:01'),
(3972, 'Potentio', 99, '2020-06-14 13:12:02'),
(3973, 'Temp', 22, '2020-06-14 13:12:02'),
(3974, 'Potentio', 97, '2020-06-14 13:12:04'),
(3975, 'Potentio', 97, '2020-06-14 13:14:27'),
(3976, 'Temp', 23, '2020-06-14 13:14:28'),
(3977, 'Potentio', 98, '2020-06-14 13:14:29'),
(3978, 'Potentio', 99, '2020-06-14 13:14:32'),
(3979, 'Potentio', 98, '2020-06-14 13:14:36'),
(3980, 'Potentio', 97, '2020-06-14 13:14:43'),
(3981, 'Potentio', 99, '2020-06-14 13:14:44'),
(3982, 'Potentio', 97, '2020-06-14 13:14:44'),
(3983, 'Potentio', 99, '2020-06-14 13:14:45'),
(3984, 'Potentio', 98, '2020-06-14 13:14:50'),
(3985, 'Potentio', 99, '2020-06-14 13:14:57'),
(3986, 'Potentio', 97, '2020-06-14 13:15:00'),
(3987, 'Potentio', 98, '2020-06-14 13:15:04'),
(3988, 'Potentio', 99, '2020-06-14 13:15:06'),
(3989, 'Potentio', 97, '2020-06-14 13:15:15'),
(3990, 'Temp', 23, '2020-06-14 13:15:16'),
(3991, 'Potentio', 98, '2020-06-14 13:15:18'),
(3992, 'Potentio', 97, '2020-06-14 13:15:21'),
(3993, 'Potentio', 97, '2020-06-14 13:19:05'),
(3994, 'Potentio', 98, '2020-06-14 13:19:06'),
(3995, 'Potentio', 100, '2020-06-14 13:19:06'),
(3996, 'Potentio', 97, '2020-06-14 13:19:06'),
(3997, 'Temp', 22, '2020-06-14 13:19:06'),
(3998, 'Potentio', 99, '2020-06-14 13:19:12'),
(3999, 'Potentio', 98, '2020-06-14 13:19:13'),
(4000, 'Potentio', 99, '2020-06-14 13:19:15'),
(4001, 'Temp', 23, '2020-06-14 13:19:15'),
(4002, 'Potentio', 97, '2020-06-14 13:19:17'),
(4003, 'Potentio', 94, '2020-06-14 13:19:20'),
(4004, 'Temp', 24, '2020-06-14 13:19:21'),
(4005, 'Potentio', 98, '2020-06-14 13:19:25'),
(4006, 'Temp', 22, '2020-06-14 13:19:26'),
(4007, 'Potentio', 96, '2020-06-14 13:19:28'),
(4008, 'Potentio', 99, '2020-06-14 13:19:32'),
(4009, 'Potentio', 97, '2020-06-14 13:19:35'),
(4010, 'Potentio', 99, '2020-06-14 13:19:38'),
(4011, 'Potentio', 98, '2020-06-14 13:19:46'),
(4012, 'Potentio', 99, '2020-06-14 13:19:47'),
(4013, 'Potentio', 98, '2020-06-14 13:19:47'),
(4014, 'Potentio', 99, '2020-06-14 13:19:49'),
(4015, 'Potentio', 97, '2020-06-14 13:19:56'),
(4016, 'Potentio', 99, '2020-06-14 13:19:56'),
(4017, 'Potentio', 98, '2020-06-14 13:19:57'),
(4018, 'Potentio', 99, '2020-06-14 13:19:59'),
(4019, 'Potentio', 97, '2020-06-14 13:20:04'),
(4020, 'Potentio', 99, '2020-06-14 13:20:08'),
(4021, 'Potentio', 97, '2020-06-14 13:20:11'),
(4022, 'Potentio', 99, '2020-06-14 13:20:11'),
(4023, 'Potentio', 98, '2020-06-14 13:20:13'),
(4024, 'Potentio', 97, '2020-06-14 13:20:16'),
(4025, 'Potentio', 99, '2020-06-14 13:20:19'),
(4026, 'Potentio', 98, '2020-06-14 13:20:20'),
(4027, 'Potentio', 97, '2020-06-14 13:20:23'),
(4028, 'Potentio', 99, '2020-06-14 13:20:27'),
(4029, 'Potentio', 96, '2020-06-14 13:20:28'),
(4030, 'Potentio', 99, '2020-06-14 13:20:28'),
(4031, 'Potentio', 97, '2020-06-14 13:20:34'),
(4032, 'Potentio', 96, '2020-06-14 13:20:35'),
(4033, 'Potentio', 97, '2020-06-14 13:20:35'),
(4034, 'Potentio', 96, '2020-06-14 13:20:38'),
(4035, 'Potentio', 97, '2020-06-14 13:20:39'),
(4036, 'Potentio', 99, '2020-06-14 13:20:44'),
(4037, 'Potentio', 97, '2020-06-14 13:20:50'),
(4038, 'Potentio', 99, '2020-06-14 13:20:51'),
(4039, 'Potentio', 97, '2020-06-14 13:20:57'),
(4040, 'Potentio', 99, '2020-06-14 13:20:58'),
(4041, 'Potentio', 97, '2020-06-14 13:20:58'),
(4042, 'Potentio', 99, '2020-06-14 13:20:58'),
(4043, 'Potentio', 97, '2020-06-14 13:21:07'),
(4044, 'Potentio', 99, '2020-06-14 13:21:07'),
(4045, 'Potentio', 98, '2020-06-14 13:21:10'),
(4046, 'Potentio', 99, '2020-06-14 13:21:13'),
(4047, 'Potentio', 96, '2020-06-14 13:21:14'),
(4048, 'Potentio', 99, '2020-06-14 13:21:14'),
(4049, 'Potentio', 97, '2020-06-14 13:21:14'),
(4050, 'Potentio', 99, '2020-06-14 13:21:20'),
(4051, 'Potentio', 97, '2020-06-14 13:21:22'),
(4052, 'Potentio', 96, '2020-06-14 13:21:23'),
(4053, 'Potentio', 98, '2020-06-14 13:21:23'),
(4054, 'Potentio', 99, '2020-06-14 13:21:25'),
(4055, 'Potentio', 97, '2020-06-14 13:21:33'),
(4056, 'Potentio', 99, '2020-06-14 13:21:34'),
(4057, 'Potentio', 97, '2020-06-14 13:21:35'),
(4058, 'Potentio', 99, '2020-06-14 13:21:38'),
(4059, 'Potentio', 98, '2020-06-14 13:21:41'),
(4060, 'Potentio', 99, '2020-06-14 13:21:45'),
(4061, 'Potentio', 97, '2020-06-14 13:21:45'),
(4062, 'Temp', 22, '2020-06-14 13:21:46'),
(4063, 'Potentio', 99, '2020-06-14 13:21:47'),
(4064, 'Potentio', 97, '2020-06-14 13:21:50'),
(4065, 'Pulse', 24, '2020-06-14 13:21:55'),
(4066, 'Potentio', 99, '2020-06-14 13:21:57'),
(4067, 'Potentio', 98, '2020-06-14 13:21:58'),
(4068, 'Potentio', 99, '2020-06-14 13:22:00'),
(4069, 'Potentio', 97, '2020-06-14 13:22:05'),
(4070, 'Potentio', 99, '2020-06-14 13:22:06'),
(4071, 'Potentio', 98, '2020-06-14 13:22:07'),
(4072, 'Potentio', 97, '2020-06-14 13:22:09'),
(4073, 'Potentio', 99, '2020-06-14 13:22:12'),
(4074, 'Potentio', 97, '2020-06-14 13:22:13'),
(4075, 'Potentio', 99, '2020-06-14 13:22:13'),
(4076, 'Potentio', 97, '2020-06-14 13:22:20'),
(4077, 'Potentio', 99, '2020-06-14 13:22:24'),
(4078, 'Potentio', 97, '2020-06-14 13:22:32'),
(4079, 'Potentio', 99, '2020-06-14 13:22:41'),
(4080, 'Potentio', 96, '2020-06-14 13:22:41'),
(4081, 'Potentio', 98, '2020-06-14 13:22:45'),
(4082, 'Potentio', 99, '2020-06-14 13:22:46'),
(4083, 'Potentio', 98, '2020-06-14 13:22:48'),
(4084, 'Potentio', 99, '2020-06-14 13:22:48'),
(4085, 'Potentio', 98, '2020-06-14 13:22:58'),
(4086, 'Potentio', 99, '2020-06-14 13:22:58'),
(4087, 'Potentio', 97, '2020-06-14 13:23:07'),
(4088, 'Potentio', 99, '2020-06-14 13:23:07'),
(4089, 'Potentio', 97, '2020-06-14 13:23:07'),
(4090, 'Potentio', 98, '2020-06-14 13:23:10'),
(4091, 'Potentio', 97, '2020-06-14 13:23:11'),
(4092, 'Potentio', 99, '2020-06-14 13:23:12'),
(4093, 'Potentio', 98, '2020-06-14 13:23:12'),
(4094, 'Potentio', 99, '2020-06-14 13:23:15'),
(4095, 'Potentio', 98, '2020-06-14 13:23:15'),
(4096, 'Potentio', 99, '2020-06-14 13:23:17'),
(4097, 'Potentio', 97, '2020-06-14 13:23:22'),
(4098, 'Potentio', 99, '2020-06-14 13:23:23'),
(4099, 'Potentio', 97, '2020-06-14 13:23:23'),
(4100, 'Potentio', 99, '2020-06-14 13:23:24'),
(4101, 'Potentio', 98, '2020-06-14 13:23:25'),
(4102, 'Potentio', 99, '2020-06-14 13:23:30'),
(4103, 'Potentio', 98, '2020-06-14 13:23:32'),
(4104, 'Potentio', 99, '2020-06-14 13:23:32'),
(4105, 'Potentio', 98, '2020-06-14 13:23:38'),
(4106, 'Potentio', 99, '2020-06-14 13:23:40'),
(4107, 'Potentio', 97, '2020-06-14 13:23:41'),
(4108, 'Potentio', 98, '2020-06-14 13:23:41'),
(4109, 'Potentio', 97, '2020-06-14 13:23:43'),
(4110, 'Potentio', 99, '2020-06-14 13:23:45'),
(4111, 'Potentio', 98, '2020-06-14 13:23:47'),
(4112, 'Potentio', 99, '2020-06-14 13:23:48'),
(4113, 'Potentio', 97, '2020-06-14 13:23:54'),
(4114, 'Potentio', 99, '2020-06-14 13:23:54'),
(4115, 'Potentio', 97, '2020-06-14 13:23:55'),
(4116, 'Potentio', 99, '2020-06-14 13:23:55'),
(4117, 'Potentio', 98, '2020-06-14 13:24:58'),
(4118, 'Temp', 22, '2020-06-14 13:24:59'),
(4119, 'Potentio', 99, '2020-06-14 13:25:01'),
(4120, 'Potentio', 97, '2020-06-14 13:25:01'),
(4121, 'Potentio', 99, '2020-06-14 13:25:02'),
(4122, 'Potentio', 98, '2020-06-14 13:25:04'),
(4123, 'Potentio', 100, '2020-06-14 13:25:04'),
(4124, 'Potentio', 98, '2020-06-14 13:25:04'),
(4125, 'Potentio', 97, '2020-06-14 13:25:05'),
(4126, 'Potentio', 99, '2020-06-14 13:25:05'),
(4127, 'Potentio', 98, '2020-06-14 13:25:05'),
(4128, 'Potentio', 99, '2020-06-14 13:25:05'),
(4129, 'Potentio', 98, '2020-06-14 13:25:12'),
(4130, 'Potentio', 99, '2020-06-14 13:25:12'),
(4131, 'Potentio', 99, '2020-06-14 13:36:11'),
(4132, 'Potentio', 98, '2020-06-14 13:36:11'),
(4133, 'Temp', 22, '2020-06-14 13:36:12'),
(4134, 'Potentio', 97, '2020-06-14 13:36:13'),
(4135, 'Potentio', 98, '2020-06-14 13:36:17'),
(4136, 'Potentio', 99, '2020-06-14 13:37:18'),
(4137, 'Temp', 22, '2020-06-14 13:37:19'),
(4138, 'Potentio', 97, '2020-06-14 13:37:23'),
(4139, 'Pulse', 26, '2020-06-14 13:38:57'),
(4140, 'Potentio', 98, '2020-06-14 13:39:03'),
(4141, 'Temp', 22, '2020-06-14 13:39:04'),
(4142, 'Potentio', 99, '2020-06-14 13:39:06'),
(4143, 'Potentio', 97, '2020-06-14 13:40:09'),
(4144, 'Potentio', 99, '2020-06-14 13:40:10'),
(4145, 'Potentio', 98, '2020-06-14 13:40:10'),
(4146, 'Temp', 22, '2020-06-14 13:40:10'),
(4147, 'Potentio', 99, '2020-06-14 13:40:50'),
(4148, 'Potentio', 98, '2020-06-14 13:40:51'),
(4149, 'Temp', 22, '2020-06-14 13:40:51'),
(4150, 'Potentio', 97, '2020-06-14 13:40:51'),
(4151, 'Potentio', 100, '2020-06-14 13:40:54'),
(4152, 'Potentio', 97, '2020-06-14 13:40:58'),
(4153, 'Potentio', 98, '2020-06-14 13:41:03'),
(4154, 'Potentio', 97, '2020-06-14 13:41:06'),
(4155, 'Potentio', 98, '2020-06-14 13:41:08'),
(4156, 'Potentio', 99, '2020-06-14 13:41:10'),
(4157, 'Potentio', 98, '2020-06-14 13:41:13'),
(4158, 'Potentio', 97, '2020-06-14 13:41:16'),
(4159, 'Potentio', 98, '2020-06-14 13:41:20'),
(4160, 'Potentio', 96, '2020-06-14 13:41:21'),
(4161, 'Potentio', 95, '2020-06-14 13:41:21'),
(4162, 'Potentio', 97, '2020-06-14 13:41:24'),
(4163, 'Potentio', 99, '2020-06-14 13:41:27'),
(4164, 'Potentio', 98, '2020-06-14 13:41:30'),
(4165, 'Potentio', 99, '2020-06-14 13:41:36'),
(4166, 'Temp', 22, '2020-06-14 13:41:37'),
(4167, 'Potentio', 97, '2020-06-14 13:41:40'),
(4168, 'Potentio', 97, '2020-06-14 13:43:03'),
(4169, 'Temp', 22, '2020-06-14 13:43:04'),
(4170, 'Potentio', 98, '2020-06-14 13:43:06'),
(4171, 'Potentio', 99, '2020-06-14 13:43:07'),
(4172, 'Potentio', 97, '2020-06-14 13:43:07'),
(4173, 'Potentio', 98, '2020-06-14 13:43:07'),
(4174, 'Potentio', 99, '2020-06-14 13:43:53'),
(4175, 'Potentio', 97, '2020-06-14 13:43:54'),
(4176, 'Temp', 22, '2020-06-14 13:43:54'),
(4177, 'Potentio', 99, '2020-06-14 13:44:43'),
(4178, 'Potentio', 98, '2020-06-14 13:44:43'),
(4179, 'Temp', 22, '2020-06-14 13:44:44'),
(4180, 'Potentio', 99, '2020-06-14 13:44:46'),
(4181, 'Potentio', 98, '2020-06-14 13:45:11'),
(4182, 'Potentio', 99, '2020-06-14 13:45:11'),
(4183, 'Potentio', 98, '2020-06-14 13:45:12'),
(4184, 'Temp', 22, '2020-06-14 13:45:12'),
(4185, 'Potentio', 97, '2020-06-14 13:45:27'),
(4186, 'Potentio', 100, '2020-06-14 13:45:28'),
(4187, 'Temp', 22, '2020-06-14 13:45:28'),
(4188, 'Potentio', 99, '2020-06-14 13:45:32'),
(4189, 'Potentio', 97, '2020-06-14 13:45:33'),
(4190, 'Potentio', 99, '2020-06-14 13:45:35'),
(4191, 'Potentio', 98, '2020-06-14 13:45:55'),
(4192, 'Temp', 22, '2020-06-14 13:45:56'),
(4193, 'Potentio', 97, '2020-06-14 13:45:57'),
(4194, 'Pulse', 237, '2020-06-14 13:45:58'),
(4195, 'Potentio', 98, '2020-06-14 13:45:58'),
(4196, 'Potentio', 97, '2020-06-14 13:45:59'),
(4197, 'Potentio', 98, '2020-06-14 13:46:03'),
(4198, 'Potentio', 99, '2020-06-14 13:46:05'),
(4199, 'Potentio', 98, '2020-06-14 13:46:10'),
(4200, 'Potentio', 97, '2020-06-14 13:46:11'),
(4201, 'Potentio', 99, '2020-06-14 13:46:17'),
(4202, 'Potentio', 98, '2020-06-14 13:46:21'),
(4203, 'Potentio', 99, '2020-06-14 13:46:22'),
(4204, 'Potentio', 98, '2020-06-14 13:46:22'),
(4205, 'Potentio', 99, '2020-06-14 13:46:22'),
(4206, 'Potentio', 94, '2020-06-14 13:46:28'),
(4207, 'Potentio', 99, '2020-06-14 13:46:29'),
(4208, 'Pulse', 26, '2020-06-14 13:46:31'),
(4209, 'Potentio', 99, '2020-06-14 13:46:36'),
(4210, 'Temp', 22, '2020-06-14 13:46:37'),
(4211, 'Potentio', 97, '2020-06-14 13:46:42'),
(4212, 'Potentio', 96, '2020-06-14 13:46:42'),
(4213, 'Potentio', 98, '2020-06-14 13:46:44'),
(4214, 'Potentio', 99, '2020-06-14 13:46:45'),
(4215, 'Potentio', 97, '2020-06-14 13:46:45'),
(4216, 'Potentio', 99, '2020-06-14 13:46:45'),
(4217, 'Potentio', 98, '2020-06-14 13:46:45'),
(4218, 'Potentio', 97, '2020-06-14 13:46:47'),
(4219, 'Potentio', 100, '2020-06-14 13:47:15'),
(4220, 'Temp', 22, '2020-06-14 13:47:16'),
(4221, 'Potentio', 99, '2020-06-14 13:47:17'),
(4222, 'Potentio', 99, '2020-06-14 13:48:41'),
(4223, 'Temp', 22, '2020-06-14 13:48:42'),
(4224, 'Potentio', 97, '2020-06-14 13:48:46'),
(4225, 'Potentio', 98, '2020-06-14 13:49:20'),
(4226, 'Potentio', 97, '2020-06-14 13:49:20'),
(4227, 'Temp', 22, '2020-06-14 13:49:21'),
(4228, 'Potentio', 99, '2020-06-14 13:49:38'),
(4229, 'Potentio', 97, '2020-06-14 13:49:38'),
(4230, 'Potentio', 99, '2020-06-14 13:49:38'),
(4231, 'Temp', 22, '2020-06-14 13:49:39'),
(4232, 'Potentio', 99, '2020-06-14 13:49:51'),
(4233, 'Temp', 22, '2020-06-14 13:49:52'),
(4234, 'Potentio', 97, '2020-06-14 13:51:16'),
(4235, 'Potentio', 98, '2020-06-14 13:51:16'),
(4236, 'Temp', 22, '2020-06-14 13:51:17'),
(4237, 'Potentio', 97, '2020-06-14 13:51:18'),
(4238, 'Potentio', 99, '2020-06-14 13:58:24'),
(4239, 'Temp', 22, '2020-06-14 13:58:25'),
(4240, 'Potentio', 95, '2020-06-14 16:01:00'),
(4241, 'Temp', 22, '2020-06-14 16:01:01'),
(4242, 'Pulse', 42, '2020-06-14 16:01:10'),
(4243, 'Pulse', 60, '2020-06-14 16:01:20'),
(4244, 'Pulse', 71, '2020-06-14 16:01:50'),
(4245, 'Potentio', 100, '2020-06-14 16:02:00'),
(4246, 'Potentio', 72, '2020-06-14 16:02:05'),
(4247, 'Potentio', 100, '2020-06-14 16:02:08'),
(4248, 'Pulse', 53, '2020-06-14 16:03:11'),
(4249, 'Pulse', 91, '2020-06-14 16:05:40'),
(4250, 'Potentio', 90, '2020-06-14 16:05:46'),
(4251, 'Potentio', 90, '2020-06-14 16:07:42'),
(4252, 'Temp', 22, '2020-06-14 16:07:43'),
(4253, 'Pulse', 109, '2020-06-14 16:07:46'),
(4254, 'Pulse', 70, '2020-06-14 16:08:22'),
(4255, 'Potentio', 90, '2020-06-14 16:09:34'),
(4256, 'Temp', 22, '2020-06-14 16:09:35'),
(4257, 'Potentio', 89, '2020-06-14 16:09:50'),
(4258, 'Potentio', 90, '2020-06-14 16:09:52'),
(4259, 'Temp', 17, '2020-06-14 16:09:52'),
(4260, 'Potentio', 90, '2020-06-14 16:10:22'),
(4261, 'Temp', 22, '2020-06-14 16:10:23'),
(4262, 'Potentio', 90, '2020-06-14 16:10:51'),
(4263, 'Temp', 21, '2020-06-14 16:10:52'),
(4264, 'Potentio', 90, '2020-06-14 16:11:26'),
(4265, 'Temp', 22, '2020-06-14 16:11:27'),
(4266, 'Potentio', 90, '2020-06-14 16:11:49'),
(4267, 'Temp', 22, '2020-06-14 16:11:50'),
(4268, 'Pulse', 72, '2020-06-14 16:12:16'),
(4269, 'Pulse', 105, '2020-06-14 16:12:53'),
(4270, 'Pulse', 60, '2020-06-14 16:13:11'),
(4271, 'Potentio', 90, '2020-06-14 16:13:36'),
(4272, 'Temp', 22, '2020-06-14 16:13:37'),
(4273, 'Potentio', 90, '2020-06-14 16:17:44'),
(4274, 'Temp', 22, '2020-06-14 16:17:45'),
(4275, 'Potentio', 82, '2020-06-14 16:17:54'),
(4276, 'Pulse', 39, '2020-06-14 16:17:56'),
(4277, 'Potentio', 67, '2020-06-14 16:17:57'),
(4278, 'Potentio', 100, '2020-06-14 16:18:07'),
(4279, 'Potentio', 100, '2020-06-14 16:46:36'),
(4280, 'Temp', 22, '2020-06-14 16:46:37'),
(4281, 'Pulse', 145, '2020-06-14 16:47:07'),
(4282, 'Pulse', 86, '2020-06-14 16:47:31'),
(4283, 'Pulse', 125, '2020-06-14 16:47:35'),
(4284, 'Pulse', 54, '2020-06-14 16:47:39'),
(4285, 'Pulse', 43, '2020-06-14 16:47:48'),
(4286, 'Pulse', 112, '2020-06-14 16:47:59'),
(4287, 'Potentio', 99, '2020-06-14 16:48:01'),
(4288, 'Potentio', 97, '2020-06-14 16:48:03'),
(4289, 'Potentio', 99, '2020-06-14 16:48:04'),
(4290, 'Potentio', 97, '2020-06-14 16:48:06'),
(4291, 'Potentio', 98, '2020-06-14 16:48:09'),
(4292, 'Potentio', 97, '2020-06-14 16:48:09'),
(4293, 'Potentio', 99, '2020-06-14 16:48:10'),
(4294, 'Potentio', 98, '2020-06-14 16:48:10'),
(4295, 'Potentio', 100, '2020-06-14 16:48:11'),
(4296, 'Potentio', 98, '2020-06-14 16:48:11'),
(4297, 'Pulse', 141, '2020-06-14 16:48:12'),
(4298, 'Potentio', 99, '2020-06-14 16:48:15'),
(4299, 'Potentio', 98, '2020-06-14 16:48:19'),
(4300, 'Potentio', 97, '2020-06-14 16:48:19'),
(4301, 'Potentio', 98, '2020-06-14 16:48:21'),
(4302, 'Potentio', 100, '2020-06-14 16:48:21'),
(4303, 'Potentio', 98, '2020-06-14 16:48:22'),
(4304, 'Potentio', 99, '2020-06-14 16:48:23'),
(4305, 'Potentio', 97, '2020-06-14 16:48:25'),
(4306, 'Pulse', 71, '2020-06-14 16:48:25'),
(4307, 'Potentio', 98, '2020-06-14 16:48:30'),
(4308, 'Potentio', 99, '2020-06-14 16:48:30'),
(4309, 'Potentio', 98, '2020-06-14 16:48:30'),
(4310, 'Potentio', 99, '2020-06-14 16:48:31'),
(4311, 'Temp', 22, '2020-06-14 16:48:31'),
(4312, 'Pulse', 157, '2020-06-14 16:48:36'),
(4313, 'Potentio', 98, '2020-06-14 16:48:39'),
(4314, 'Potentio', 99, '2020-06-14 16:48:42'),
(4315, 'Potentio', 97, '2020-06-14 16:48:43'),
(4316, 'Pulse', 68, '2020-06-14 16:48:43'),
(4317, 'Potentio', 99, '2020-06-14 16:48:45'),
(4318, 'Potentio', 100, '2020-06-14 16:48:46'),
(4319, 'Potentio', 99, '2020-06-14 16:48:46'),
(4320, 'Potentio', 0, '2020-06-14 16:48:56'),
(4321, 'Pulse', 48, '2020-06-14 16:49:01'),
(4322, 'Pulse', 50, '2020-06-14 16:49:17'),
(4323, 'Temp', 22, '2020-06-14 16:49:39'),
(4324, 'Temp', 22, '2020-06-14 16:52:00'),
(4325, 'Temp', 22, '2020-06-14 16:52:22'),
(4326, 'Temp', 22, '2020-06-14 16:54:10'),
(4327, 'Temp', 22, '2020-06-14 16:55:51'),
(4328, 'Temp', 22, '2020-06-14 16:57:27'),
(4329, 'Temp', 22, '2020-06-14 16:58:28'),
(4330, 'Temp', 22, '2020-06-14 17:00:50'),
(4331, 'Temp', 22, '2020-06-14 17:10:21'),
(4332, 'Temp', 22, '2020-06-14 17:12:20'),
(4333, 'Temp', 22, '2020-06-14 17:13:15'),
(4334, 'Temp', 22, '2020-06-14 17:16:55'),
(4335, 'Temp', 22, '2020-06-14 18:12:54'),
(4336, 'Pulse', 68, '2020-06-14 18:14:08'),
(4337, 'Pulse', 47, '2020-06-14 18:14:45'),
(4338, 'Pulse', 99, '2020-06-14 18:15:01'),
(4339, 'Temp', 22, '2020-06-14 18:15:40'),
(4340, 'Temp', 22, '2020-06-14 18:21:31'),
(4341, 'Temp', 22, '2020-06-14 18:22:40'),
(4342, 'Temp', 22, '2020-06-14 18:34:47'),
(4343, 'Temp', 22, '2020-06-14 18:42:22'),
(4344, 'Temp', 22, '2020-06-14 18:43:15'),
(4345, 'Temp', 22, '2020-06-14 18:43:34'),
(4346, 'Temp', 22, '2020-06-14 20:33:23'),
(4347, 'Potentio', 72, '2020-06-14 20:34:04'),
(4348, 'Potentio', 89, '2020-06-14 20:34:04'),
(4349, 'Potentio', 100, '2020-06-14 20:34:07'),
(4350, 'Potentio', 96, '2020-06-14 20:34:17'),
(4351, 'Potentio', 98, '2020-06-14 20:34:18'),
(4352, 'Potentio', 99, '2020-06-14 20:34:18'),
(4353, 'Potentio', 97, '2020-06-14 20:34:18'),
(4354, 'Potentio', 100, '2020-06-14 20:40:59'),
(4355, 'Potentio', 100, '2020-06-14 20:42:51'),
(4356, 'Temp', 22, '2020-06-14 20:42:52'),
(4357, 'Potentio', 100, '2020-06-14 20:44:06'),
(4358, 'Temp', 22, '2020-06-14 20:44:07'),
(4359, 'Potentio', 100, '2020-06-14 20:44:47'),
(4360, 'Temp', 22, '2020-06-14 20:44:48'),
(4361, 'Potentio', 100, '2020-06-14 20:47:59'),
(4362, 'Potentio', 100, '2020-06-14 23:19:12'),
(4363, 'Temp', 22, '2020-06-14 23:19:13'),
(4364, 'Potentio', 100, '2020-06-14 23:20:06'),
(4365, 'Temp', 22, '2020-06-14 23:20:07'),
(4366, 'Potentio', 100, '2020-06-14 23:21:11'),
(4367, 'Temp', 22, '2020-06-14 23:21:12'),
(4368, 'Potentio', 100, '2020-06-14 23:21:20'),
(4369, 'Temp', 22, '2020-06-14 23:21:21'),
(4370, 'Potentio', 100, '2020-06-14 23:21:37'),
(4371, 'Temp', 22, '2020-06-14 23:21:38'),
(4372, 'Potentio', 100, '2020-06-14 23:22:28'),
(4373, 'Temp', 22, '2020-06-14 23:22:29'),
(4374, 'Potentio', 100, '2020-06-14 23:23:02'),
(4375, 'Temp', 22, '2020-06-14 23:23:03'),
(4376, 'Potentio', 100, '2020-06-14 23:23:56'),
(4377, 'Temp', 22, '2020-06-14 23:23:57'),
(4378, 'Temp', 23, '2020-06-15 10:34:10'),
(4379, 'Temp', 22, '2020-06-15 10:35:42'),
(4380, 'Potentio', 1, '2020-06-15 11:43:37'),
(4381, 'Temp', 22, '2020-06-15 11:43:38'),
(4382, 'Potentio', 0, '2020-06-15 11:43:39'),
(4383, 'Potentio', 2, '2020-06-15 11:44:02'),
(4384, 'Temp', 22, '2020-06-15 11:44:03'),
(4386, 'Potentio', 99, '2020-06-15 14:38:13'),
(4387, 'Temp', 22, '2020-06-15 14:38:14'),
(4388, 'Potentio', 99, '2020-06-15 14:38:23'),
(4389, 'Temp', 22, '2020-06-15 14:38:24'),
(4390, 'Potentio', 98, '2020-06-15 14:38:26'),
(4391, 'Potentio', 97, '2020-06-15 14:38:27'),
(4392, 'Pulse', 51, '2020-06-15 14:49:20'),
(4393, 'Potentio', 98, '2020-06-15 14:49:22'),
(4394, 'Potentio', 99, '2020-06-15 14:49:36'),
(4395, 'Potentio', 98, '2020-06-15 14:49:36'),
(4396, 'Potentio', 99, '2020-06-15 14:49:37'),
(4397, 'Potentio', 98, '2020-06-15 14:49:37'),
(4398, 'Potentio', 99, '2020-06-15 14:49:37'),
(4399, 'Temp', 22, '2020-06-15 14:49:37'),
(4400, 'Potentio', 100, '2020-06-15 14:49:44'),
(4401, 'Temp', 22, '2020-06-15 14:49:45'),
(4402, 'Potentio', 98, '2020-06-15 14:49:46'),
(4403, 'Potentio', 99, '2020-06-15 14:51:22'),
(4404, 'Potentio', 98, '2020-06-15 14:56:14'),
(4405, 'Potentio', 99, '2020-06-15 14:56:14'),
(4406, 'Potentio', 98, '2020-06-15 14:56:15'),
(4407, 'Temp', 22, '2020-06-15 14:56:15'),
(4408, 'Potentio', 100, '2020-06-15 14:56:18'),
(4409, 'Pulse', 57, '2020-06-15 14:56:20'),
(4410, 'Potentio', 99, '2020-06-15 14:56:22'),
(4411, 'Pulse', 157, '2020-06-15 14:56:26'),
(4412, 'Pulse', 82, '2020-06-15 14:56:41'),
(4413, 'Potentio', 100, '2020-06-15 14:56:45'),
(4414, 'Potentio', 93, '2020-06-15 15:32:17'),
(4415, 'Temp', 23, '2020-06-15 15:32:18'),
(4416, 'Pulse', 80, '2020-06-15 15:32:27'),
(4417, 'Pulse', 69, '2020-06-15 15:33:15'),
(4418, 'Potentio', 93, '2020-06-15 15:33:57'),
(4419, 'Temp', 23, '2020-06-15 15:33:58'),
(4420, 'Pulse', 38, '2020-06-15 15:34:07'),
(4421, 'Pulse', 77, '2020-06-15 15:34:25'),
(4422, 'Potentio', 81, '2020-06-15 15:34:35'),
(4423, 'Pulse', 191, '2020-06-15 15:34:36'),
(4424, 'Potentio', 41, '2020-06-15 15:34:36'),
(4425, 'Potentio', 0, '2020-06-15 15:34:39'),
(4426, 'Potentio', 25, '2020-06-15 15:34:42'),
(4427, 'Potentio', 64, '2020-06-15 15:34:45'),
(4428, 'Potentio', 85, '2020-06-15 15:34:46'),
(4429, 'Potentio', 100, '2020-06-15 15:34:50'),
(4430, 'Potentio', 50, '2020-06-15 15:34:52'),
(4431, 'Potentio', 3, '2020-06-15 15:34:55'),
(4432, 'Potentio', 0, '2020-06-15 15:34:57'),
(4433, 'Potentio', 40, '2020-06-15 15:35:00'),
(4434, 'Potentio', 41, '2020-06-15 15:35:03'),
(4435, 'Pulse', 100, '2020-06-15 15:35:05'),
(4436, 'Potentio', 41, '2020-06-15 15:35:52'),
(4437, 'Temp', 23, '2020-06-15 15:35:53'),
(4438, 'Pulse', 87, '2020-06-15 15:36:29'),
(4439, 'Pulse', 59, '2020-06-15 15:36:37'),
(4440, 'Temp', 22, '2020-06-15 16:11:22'),
(4441, 'Pulse', 175, '2020-06-15 16:11:26'),
(4442, 'Temp', 22, '2020-06-15 16:13:10'),
(4443, 'Pulse', 183, '2020-06-15 16:13:13'),
(4444, 'Pulse', 150, '2020-06-15 16:13:20'),
(4445, 'Temp', 22, '2020-06-15 16:15:04'),
(4446, 'Pulse', 156, '2020-06-15 16:15:08'),
(4447, 'Pulse', 97, '2020-06-15 16:15:20'),
(4448, 'Potentio', 19, '2020-06-15 16:15:32'),
(4449, 'Potentio', 96, '2020-06-15 16:15:34'),
(4450, 'Temp', 22, '2020-06-15 16:17:12'),
(4451, 'Pulse', 154, '2020-06-15 16:17:16'),
(4452, 'Temp', 22, '2020-06-15 16:17:51'),
(4453, 'Pulse', 66, '2020-06-15 16:18:21'),
(4454, 'Pulse', 73, '2020-06-15 16:18:26'),
(4455, 'Pulse', 36, '2020-06-15 16:18:36'),
(4456, 'Potentio', 56, '2020-06-15 16:18:38'),
(4457, 'Potentio', 100, '2020-06-15 16:18:43'),
(4458, 'Potentio', 23, '2020-06-15 16:18:48'),
(4459, 'Potentio', 0, '2020-06-15 16:18:52'),
(4460, 'Potentio', 47, '2020-06-15 16:18:53'),
(4461, 'Potentio', 58, '2020-06-15 16:18:56'),
(4462, 'Potentio', 72, '2020-06-15 16:19:00'),
(4463, 'Potentio', 77, '2020-06-15 16:19:02'),
(4464, 'Potentio', 100, '2020-06-15 16:19:06'),
(4465, 'Potentio', 93, '2020-06-15 16:19:08'),
(4466, 'Potentio', 61, '2020-06-15 16:19:10'),
(4467, 'Pulse', 26, '2020-06-15 16:19:18'),
(4468, 'Potentio', 86, '2020-06-15 16:19:21'),
(4469, 'Pulse', 51, '2020-06-15 16:19:24'),
(4470, 'Pulse', 82, '2020-06-15 16:19:33'),
(4471, 'Potentio', 95, '2020-06-15 16:19:43'),
(4472, 'Potentio', 100, '2020-06-15 16:19:45'),
(4473, 'Pulse', 53, '2020-06-15 16:19:49'),
(4474, 'Potentio', 36, '2020-06-15 16:20:09'),
(4475, 'Potentio', 0, '2020-06-15 16:20:09'),
(4476, 'Potentio', 44, '2020-06-15 16:20:12'),
(4477, 'Potentio', 80, '2020-06-15 16:20:14'),
(4478, 'Pulse', 67, '2020-06-15 16:20:15'),
(4479, 'Potentio', 93, '2020-06-15 16:20:19'),
(4480, 'Potentio', 100, '2020-06-15 16:20:23'),
(4481, 'Potentio', 0, '2020-06-15 16:20:27'),
(4482, 'Pulse', 29, '2020-06-15 16:20:27'),
(4483, 'Potentio', 100, '2020-06-15 16:20:34'),
(4484, 'Temp', 23, '2020-06-15 16:21:01'),
(4485, 'Potentio', 63, '2020-06-15 16:21:13'),
(4486, 'Potentio', 63, '2020-06-15 16:29:56'),
(4487, 'Temp', 23, '2020-06-15 16:29:57'),
(4488, 'Potentio', 63, '2020-06-15 16:33:09'),
(4489, 'Temp', 23, '2020-06-15 16:33:10'),
(4490, 'Potentio', 63, '2020-06-15 16:34:15'),
(4491, 'Temp', 23, '2020-06-15 16:34:16'),
(4492, 'Potentio', 63, '2020-06-15 16:35:13'),
(4493, 'Temp', 23, '2020-06-15 16:35:14'),
(4494, 'Potentio', 63, '2020-06-15 16:35:39'),
(4496, 'Potentio', 63, '2020-06-15 16:35:59'),
(4497, 'Temp', 23, '2020-06-15 16:36:00'),
(4498, 'Potentio', 63, '2020-06-15 16:36:25'),
(4499, 'Temp', 23, '2020-06-15 16:36:26');

-- --------------------------------------------------------

--
-- Tabelstructuur voor tabel `muziek`
--

CREATE TABLE `muziek` (
  `Id` int(11) NOT NULL,
  `Titel` varchar(100) DEFAULT NULL,
  `Uitvoerder` varchar(45) DEFAULT NULL,
  `Tempo` int(11) DEFAULT NULL
) ENGINE=InnoDB DEFAULT CHARSET=utf8mb4;

--
-- Gegevens worden geëxporteerd voor tabel `muziek`
--

INSERT INTO `muziek` (`Id`, `Titel`, `Uitvoerder`, `Tempo`) VALUES
(1, 'Like You Mean It', 'FLY', 94),
(2, 'Something\'s In The Water', 'FLY', 134),
(3, 'Keep On Drinking', 'FLY', 136),
(4, 'Lonely', 'FLY', 96),
(5, 'Speak To My Face', 'FLY', 165),
(6, 'Jordans', 'FLY', 162),
(7, 'Broke', 'FLY', 164),
(8, 'Back To Me', 'FLY', 93),
(9, 'Roleplay', 'FLY', 141),
(10, 'Regrets', 'Causmic', 88),
(11, 'Cutting It Close', 'DJ Freedem', 148),
(12, 'Unavailable', 'Causmic', 116),
(13, 'After You', 'Dan Lebowitz', 98),
(14, 'Palm Avenue', 'Freedom Trail Studio', 132),
(15, 'Barrel Full of Sea Monkeys', 'The Whole Other', 150),
(16, 'Grut', 'Patrick Patrikios', 90),
(17, 'Letter To Natalie', 'The Great North Sound Society', 118),
(18, 'Swampland', 'Chris Haugen', 92),
(19, 'Two Little Bums', 'The Great North Sound Society', 131),
(20, 'Nothing On Me', 'Patrick Patrikios', 105),
(21, 'New Horizons', 'Futuremono', 120),
(22, 'Gold in Them Hills', 'Nathan Moore', 120),
(23, 'Beach Disco', 'Dougie Wood', 115),
(24, 'Ticker', 'Silent Partner', 66),
(25, 'Ready or Not', 'Trevor Garrod', 110),
(26, 'Hear the Noise', 'John Deley and the 41 Players', 70),
(27, 'Mr.Tea', 'Rondo Brothers', 120),
(28, 'New Land', 'ALBIS', 74),
(29, 'Entire', 'Quincas Moreira', 84),
(30, 'Urban Lullaby', 'Jimmy Fontanez', 90),
(31, 'Biggie', 'ALBIS', 133),
(32, 'Clover', 'Vibe Mountain', 108),
(33, 'Sleeplessness', 'The Brothers Records', 93),
(34, 'Renegade Jubilee', 'The Whole Other', 125),
(35, 'Coupe', 'The Grand Affair', 160),
(36, 'Toe Jam', 'Diamond Ortiz', 99),
(37, 'Simmering', 'Asher Fulero', 83),
(38, 'Church of 8 Wheels', 'Otis McDonald', 108),
(39, 'Operatic', 'Vibe Mountain', 130),
(40, 'Cubic Z', 'Diamond Ortiz', 108),
(41, 'Ladybug', 'Quincas Moreira', 80),
(42, 'Cosmic Love', 'Bruno E.', 173),
(43, 'Dreamscape', 'The Whole Other', 140),
(44, 'Hyperspeed', 'Eveningland', 155),
(45, 'Glen Canyon', 'Dan Lebowitz', 96),
(46, 'Prizefighter', 'Norma Rockwell', 175),
(47, 'Lost Time', 'Eveningland', 85),
(48, 'Corporate Mellow Groove', 'Doug Maxwell', 65),
(49, 'Motel Rock', 'Hanu Dixit', 114),
(50, 'Earle\'s Bar Room Rocker', 'Midnight North', 140);

-- --------------------------------------------------------

--
-- Tabelstructuur voor tabel `playlist_entry`
--

CREATE TABLE `playlist_entry` (
  `Id` int(11) NOT NULL,
  `meetwaarde_id` int(11) NOT NULL,
  `muziek_id` int(11) NOT NULL,
  `Datum` datetime NOT NULL
) ENGINE=InnoDB DEFAULT CHARSET=utf8mb4;

--
-- Gegevens worden geëxporteerd voor tabel `playlist_entry`
--

INSERT INTO `playlist_entry` (`Id`, `meetwaarde_id`, `muziek_id`, `Datum`) VALUES
(10, 3143, 8, '2020-06-13 11:53:44'),
(11, 3190, 28, '2020-06-13 12:03:52'),
(12, 3207, 48, '2020-06-13 12:05:19'),
(13, 3222, 4, '2020-06-13 12:09:29'),
(14, 3234, 30, '2020-06-13 12:11:07'),
(15, 3234, 26, '2020-06-13 12:11:11'),
(16, 3234, 30, '2020-06-13 12:11:32'),
(17, 3236, 29, '2020-06-13 12:11:36'),
(18, 3247, 48, '2020-06-13 12:13:15'),
(19, 3249, 48, '2020-06-13 12:15:43'),
(20, 3249, 28, '2020-06-13 12:16:06'),
(21, 3249, 24, '2020-06-13 12:16:31'),
(22, 3259, 28, '2020-06-13 13:02:19'),
(23, 3262, 29, '2020-06-13 13:04:46'),
(24, 3266, 16, '2020-06-13 13:08:34'),
(25, 3269, 8, '2020-06-13 13:11:53'),
(26, 3269, 20, '2020-06-13 13:12:00'),
(27, 3269, 13, '2020-06-13 13:12:05'),
(28, 3269, 47, '2020-06-13 13:12:10'),
(29, 3269, 33, '2020-06-13 13:12:15'),
(30, 3269, 48, '2020-06-13 13:13:41'),
(31, 3269, 28, '2020-06-13 13:14:59'),
(32, 3277, 48, '2020-06-13 13:17:14'),
(33, 3278, 28, '2020-06-13 13:17:31'),
(34, 3283, 10, '2020-06-13 14:22:13'),
(35, 3286, 29, '2020-06-13 14:23:53'),
(36, 3286, 48, '2020-06-13 14:27:33'),
(37, 3289, 24, '2020-06-13 14:27:45'),
(38, 3290, 48, '2020-06-13 14:27:51'),
(39, 3290, 24, '2020-06-13 14:27:54'),
(40, 3292, 24, '2020-06-13 14:28:09'),
(41, 3300, 48, '2020-06-13 14:30:01'),
(42, 3323, 28, '2020-06-13 14:32:14'),
(43, 3346, 10, '2020-06-13 14:36:18'),
(44, 3411, 16, '2020-06-13 14:49:25'),
(45, 3468, 28, '2020-06-13 14:49:43'),
(46, 3468, 26, '2020-06-13 14:49:46'),
(47, 3473, 47, '2020-06-13 14:50:37'),
(48, 3473, 41, '2020-06-13 14:50:40'),
(49, 3473, 10, '2020-06-13 14:50:44'),
(50, 3473, 26, '2020-06-13 14:50:46'),
(51, 3473, 29, '2020-06-13 14:50:49'),
(52, 3485, 29, '2020-06-13 14:51:23'),
(53, 3485, 30, '2020-06-13 14:51:25'),
(54, 3485, 30, '2020-06-13 14:51:29'),
(55, 3485, 37, '2020-06-13 14:51:31'),
(56, 3490, 38, '2020-06-13 14:51:39'),
(57, 3493, 32, '2020-06-13 14:51:42'),
(58, 3496, 10, '2020-06-13 14:52:06'),
(59, 3496, 33, '2020-06-13 14:52:16'),
(60, 3500, 13, '2020-06-13 14:53:05'),
(61, 3500, 20, '2020-06-13 14:53:11'),
(62, 3500, 38, '2020-06-13 14:53:23'),
(63, 3500, 40, '2020-06-13 14:53:32'),
(64, 3511, 4, '2020-06-13 18:28:49'),
(65, 3525, 30, '2020-06-13 18:30:57'),
(66, 3528, 33, '2020-06-13 18:31:20'),
(67, 3528, 10, '2020-06-13 18:32:31'),
(68, 3528, 13, '2020-06-13 18:32:39'),
(69, 3541, 38, '2020-06-13 18:35:47'),
(70, 3541, 33, '2020-06-13 18:40:22'),
(71, 3541, 31, '2020-06-13 18:40:32'),
(72, 3562, 11, '2020-06-13 18:45:02'),
(73, 3562, 39, '2020-06-13 19:05:22'),
(74, 3573, 25, '2020-06-13 19:06:29'),
(75, 3578, 4, '2020-06-13 19:08:32'),
(76, 3601, 25, '2020-06-13 19:10:42'),
(77, 3622, 11, '2020-06-13 19:12:09'),
(78, 3622, 6, '2020-06-13 19:12:12'),
(79, 3632, 47, '2020-06-13 19:55:52'),
(80, 3640, 49, '2020-06-13 19:56:11'),
(81, 3640, 50, '2020-06-13 20:02:36'),
(82, 3681, 11, '2020-06-13 20:04:27'),
(83, 3681, 35, '2020-06-13 20:11:47'),
(84, 3681, 38, '2020-06-13 20:11:54'),
(85, 3697, 8, '2020-06-13 20:12:15'),
(86, 3697, 43, '2020-06-13 20:13:28'),
(87, 3697, 1, '2020-06-13 20:14:06'),
(88, 3697, 9, '2020-06-13 20:16:38'),
(89, 3697, 45, '2020-06-13 20:16:42'),
(90, 3697, 47, '2020-06-13 20:16:48'),
(91, 3697, 8, '2020-06-13 20:16:55'),
(92, 3697, 47, '2020-06-13 20:16:59'),
(93, 3697, 17, '2020-06-13 20:17:02'),
(94, 3727, 45, '2020-06-13 20:48:15'),
(95, 3732, 21, '2020-06-13 20:48:37'),
(96, 3737, 4, '2020-06-13 20:49:23'),
(97, 3737, 17, '2020-06-13 20:50:36'),
(98, 3737, 6, '2020-06-13 20:52:00'),
(99, 3737, 36, '2020-06-13 20:52:15'),
(100, 3737, 20, '2020-06-13 20:53:12'),
(101, 3764, 23, '2020-06-13 20:54:17'),
(102, 3764, 32, '2020-06-13 20:54:28'),
(103, 3764, 19, '2020-06-13 20:54:32'),
(104, 3764, 28, '2020-06-13 21:36:38'),
(105, 3764, 28, '2020-06-13 21:36:39'),
(106, 4244, 48, '2020-06-14 16:01:53'),
(107, 4244, 24, '2020-06-14 16:03:00'),
(108, 4248, 48, '2020-06-14 16:05:37'),
(109, 4248, 41, '2020-06-14 16:05:39'),
(110, 4253, 24, '2020-06-14 16:07:48'),
(111, 4253, 26, '2020-06-14 16:07:52'),
(112, 4253, 24, '2020-06-14 16:07:56'),
(113, 4253, 48, '2020-06-14 16:07:58'),
(114, 4253, 26, '2020-06-14 16:07:59'),
(115, 4254, 48, '2020-06-14 16:08:26'),
(116, 4254, 48, '2020-06-14 16:08:27'),
(117, 4254, 24, '2020-06-14 16:08:30'),
(118, 4254, 26, '2020-06-14 16:08:32'),
(119, 4254, 26, '2020-06-14 16:08:36'),
(120, 4268, 24, '2020-06-14 16:12:20'),
(121, 4268, 29, '2020-06-14 16:12:22'),
(122, 4268, 24, '2020-06-14 16:12:25'),
(123, 4268, 48, '2020-06-14 16:12:30'),
(124, 4268, 29, '2020-06-14 16:12:34'),
(125, 4269, 20, '2020-06-14 16:12:57'),
(126, 4269, 16, '2020-06-14 16:13:05'),
(127, 4270, 40, '2020-06-14 16:13:12'),
(128, 4270, 47, '2020-06-14 16:13:15'),
(129, 4270, 16, '2020-06-14 16:17:49'),
(130, 4338, 26, '2020-06-14 20:33:56'),
(131, 4392, 48, '2020-06-15 14:51:24'),
(132, 4412, 26, '2020-06-15 14:56:45'),
(133, 4421, 30, '2020-06-15 15:34:32'),
(134, 4421, 47, '2020-06-15 15:34:34'),
(135, 4444, 15, '2020-06-15 16:13:23'),
(136, 4446, 35, '2020-06-15 16:15:14'),
(137, 4454, 41, '2020-06-15 16:18:31'),
(138, 4455, 26, '2020-06-15 16:19:11'),
(139, 4455, 47, '2020-06-15 16:19:15'),
(140, 4467, 26, '2020-06-15 16:19:19'),
(141, 4469, 26, '2020-06-15 16:19:25'),
(142, 4470, 26, '2020-06-15 16:19:36'),
(143, 4470, 33, '2020-06-15 16:19:40'),
(144, 4482, 48, '2020-06-15 16:20:40'),
(145, 4482, 48, '2020-06-15 16:20:44'),
(146, 4482, 29, '2020-06-15 16:20:48'),
(147, 4482, 37, '2020-06-15 16:20:54'),
(148, 4482, 24, '2020-06-15 16:21:05');

--
-- Indexen voor geëxporteerde tabellen
--

--
-- Indexen voor tabel `Devices`
--
ALTER TABLE `Devices`
  ADD PRIMARY KEY (`Id`),
  ADD UNIQUE KEY `Id_UNIQUE` (`Id`);

--
-- Indexen voor tabel `meetwaarden`
--
ALTER TABLE `meetwaarden`
  ADD PRIMARY KEY (`Volgnummer`),
  ADD UNIQUE KEY `Volgnummer_UNIQUE` (`Volgnummer`),
  ADD KEY `fk_sensoren_idx` (`DeviceId`);

--
-- Indexen voor tabel `muziek`
--
ALTER TABLE `muziek`
  ADD PRIMARY KEY (`Id`),
  ADD UNIQUE KEY `Id_UNIQUE` (`Id`);

--
-- Indexen voor tabel `playlist_entry`
--
ALTER TABLE `playlist_entry`
  ADD PRIMARY KEY (`Id`),
  ADD UNIQUE KEY `Id_UNIQUE` (`Id`),
  ADD KEY `fk_meetwaarde_idx` (`meetwaarde_id`),
  ADD KEY `fk_song_idx` (`muziek_id`);

--
-- AUTO_INCREMENT voor geëxporteerde tabellen
--

--
-- AUTO_INCREMENT voor een tabel `meetwaarden`
--
ALTER TABLE `meetwaarden`
  MODIFY `Volgnummer` int(11) NOT NULL AUTO_INCREMENT, AUTO_INCREMENT=4500;
--
-- AUTO_INCREMENT voor een tabel `muziek`
--
ALTER TABLE `muziek`
  MODIFY `Id` int(11) NOT NULL AUTO_INCREMENT, AUTO_INCREMENT=52;
--
-- AUTO_INCREMENT voor een tabel `playlist_entry`
--
ALTER TABLE `playlist_entry`
  MODIFY `Id` int(11) NOT NULL AUTO_INCREMENT, AUTO_INCREMENT=149;
--
-- Beperkingen voor geëxporteerde tabellen
--

--
-- Beperkingen voor tabel `meetwaarden`
--
ALTER TABLE `meetwaarden`
  ADD CONSTRAINT `fk_devices` FOREIGN KEY (`DeviceId`) REFERENCES `Devices` (`Id`) ON DELETE NO ACTION ON UPDATE NO ACTION;

--
-- Beperkingen voor tabel `playlist_entry`
--
ALTER TABLE `playlist_entry`
  ADD CONSTRAINT `fk_meetwaarden` FOREIGN KEY (`meetwaarde_id`) REFERENCES `meetwaarden` (`Volgnummer`) ON DELETE NO ACTION ON UPDATE NO ACTION,
  ADD CONSTRAINT `fk_muziek` FOREIGN KEY (`muziek_id`) REFERENCES `muziek` (`Id`) ON DELETE NO ACTION ON UPDATE NO ACTION;

/*!40101 SET CHARACTER_SET_CLIENT=@OLD_CHARACTER_SET_CLIENT */;
/*!40101 SET CHARACTER_SET_RESULTS=@OLD_CHARACTER_SET_RESULTS */;
/*!40101 SET COLLATION_CONNECTION=@OLD_COLLATION_CONNECTION */;
